timestamp	sensor_id	type	value
28/09/2025 00:15	temp-01	temperatura_c	1994
28/09/2025 00:15	lux-01	luminosidade_lux	96
28/09/2025 00:15	occ-01	ocupacao_bool	0
28/09/2025 00:30	temp-01	temperatura_c	2051
28/09/2025 00:30	lux-01	luminosidade_lux	0
28/09/2025 00:30	occ-01	ocupacao_bool	10
28/09/2025 00:45	temp-01	temperatura_c	205
28/09/2025 00:45	lux-01	luminosidade_lux	0
28/09/2025 00:45	occ-01	ocupacao_bool	0
28/09/2025 01:00	lux-01	luminosidade_lux	159
28/09/2025 01:00	occ-01	ocupacao_bool	0
28/09/2025 01:00	temp-01	temperatura_c	1957
28/09/2025 01:15	occ-01	ocupacao_bool	10
28/09/2025 01:15	temp-01	temperatura_c	1977
28/09/2025 01:15	lux-01	luminosidade_lux	0
28/09/2025 01:30	occ-01	ocupacao_bool	10
28/09/2025 01:30	temp-01	temperatura_c	2071
28/09/2025 01:30	lux-01	luminosidade_lux	183
28/09/2025 01:45	occ-01	ocupacao_bool	0
28/09/2025 01:45	lux-01	luminosidade_lux	0
28/09/2025 01:45	temp-01	temperatura_c	2135
28/09/2025 02:00	lux-01	luminosidade_lux	83
28/09/2025 02:00	temp-01	temperatura_c	2047
28/09/2025 02:00	occ-01	ocupacao_bool	0
28/09/2025 02:15	lux-01	luminosidade_lux	250
28/09/2025 02:15	temp-01	temperatura_c	1988
28/09/2025 02:15	occ-01	ocupacao_bool	10
28/09/2025 02:30	lux-01	luminosidade_lux	0
28/09/2025 02:30	temp-01	temperatura_c	2116
28/09/2025 02:30	occ-01	ocupacao_bool	0
28/09/2025 02:45	lux-01	luminosidade_lux	244
28/09/2025 02:45	temp-01	temperatura_c	2148
28/09/2025 02:45	occ-01	ocupacao_bool	0
28/09/2025 03:00	lux-01	luminosidade_lux	0
28/09/2025 03:00	occ-01	ocupacao_bool	10
28/09/2025 03:00	temp-01	temperatura_c	2044
28/09/2025 03:15	occ-01	ocupacao_bool	0
28/09/2025 03:15	lux-01	luminosidade_lux	77
28/09/2025 03:15	temp-01	temperatura_c	2106
28/09/2025 03:30	occ-01	ocupacao_bool	0
28/09/2025 03:30	lux-01	luminosidade_lux	1
28/09/2025 03:30	temp-01	temperatura_c	1979
28/09/2025 03:45	occ-01	ocupacao_bool	0
28/09/2025 03:45	lux-01	luminosidade_lux	0
28/09/2025 03:45	temp-01	temperatura_c	209
28/09/2025 04:00	occ-01	ocupacao_bool	0
28/09/2025 04:00	lux-01	luminosidade_lux	133
28/09/2025 04:00	temp-01	temperatura_c	2102
28/09/2025 04:15	lux-01	luminosidade_lux	0
28/09/2025 04:15	temp-01	temperatura_c	2157
28/09/2025 04:15	occ-01	ocupacao_bool	0
28/09/2025 04:30	temp-01	temperatura_c	2171
28/09/2025 04:30	occ-01	ocupacao_bool	0
28/09/2025 04:30	lux-01	luminosidade_lux	34
28/09/2025 04:45	temp-01	temperatura_c	2228
28/09/2025 04:45	occ-01	ocupacao_bool	0
28/09/2025 04:45	lux-01	luminosidade_lux	0
28/09/2025 05:00	temp-01	temperatura_c	2128
28/09/2025 05:00	occ-01	ocupacao_bool	0
28/09/2025 05:00	lux-01	luminosidade_lux	0
28/09/2025 05:15	temp-01	temperatura_c	2145
28/09/2025 05:15	occ-01	ocupacao_bool	10
28/09/2025 05:15	lux-01	luminosidade_lux	264
28/09/2025 05:30	occ-01	ocupacao_bool	0
28/09/2025 05:30	lux-01	luminosidade_lux	0
28/09/2025 05:30	temp-01	temperatura_c	2261
28/09/2025 05:45	lux-01	luminosidade_lux	307
28/09/2025 05:45	occ-01	ocupacao_bool	10
28/09/2025 05:45	temp-01	temperatura_c	2201
28/09/2025 06:00	lux-01	luminosidade_lux	3420
28/09/2025 06:00	occ-01	ocupacao_bool	0
28/09/2025 06:00	temp-01	temperatura_c	2344
28/09/2025 06:15	occ-01	ocupacao_bool	0
28/09/2025 06:15	temp-01	temperatura_c	2293
28/09/2025 06:15	lux-01	luminosidade_lux	3245
28/09/2025 06:30	temp-01	temperatura_c	2252
28/09/2025 06:30	lux-01	luminosidade_lux	3385
28/09/2025 06:30	occ-01	ocupacao_bool	0
28/09/2025 06:45	temp-01	temperatura_c	2434
28/09/2025 06:45	lux-01	luminosidade_lux	3350
28/09/2025 06:45	occ-01	ocupacao_bool	0
28/09/2025 07:00	temp-01	temperatura_c	2444
28/09/2025 07:00	occ-01	ocupacao_bool	0
28/09/2025 07:00	lux-01	luminosidade_lux	4152
28/09/2025 07:15	occ-01	ocupacao_bool	0
28/09/2025 07:15	lux-01	luminosidade_lux	4104
28/09/2025 07:15	temp-01	temperatura_c	2359
28/09/2025 07:30	occ-01	ocupacao_bool	0
28/09/2025 07:30	lux-01	luminosidade_lux	4037
28/09/2025 07:30	temp-01	temperatura_c	2326
28/09/2025 07:45	occ-01	ocupacao_bool	0
28/09/2025 07:45	lux-01	luminosidade_lux	3916
28/09/2025 07:45	temp-01	temperatura_c	2373
28/09/2025 08:00	occ-01	ocupacao_bool	0
28/09/2025 08:00	lux-01	luminosidade_lux	4569
28/09/2025 08:00	temp-01	temperatura_c	2414
28/09/2025 08:15	occ-01	ocupacao_bool	10
28/09/2025 08:15	temp-01	temperatura_c	2495
28/09/2025 08:15	lux-01	luminosidade_lux	4707
28/09/2025 08:30	temp-01	temperatura_c	2477
28/09/2025 08:30	occ-01	ocupacao_bool	0
28/09/2025 08:30	lux-01	luminosidade_lux	4466
28/09/2025 08:45	temp-01	temperatura_c	2466
28/09/2025 08:45	occ-01	ocupacao_bool	0
28/09/2025 08:45	lux-01	luminosidade_lux	4735
28/09/2025 09:00	temp-01	temperatura_c	253
28/09/2025 09:00	occ-01	ocupacao_bool	0
28/09/2025 09:00	lux-01	luminosidade_lux	5283
28/09/2025 09:15	temp-01	temperatura_c	2564
28/09/2025 09:15	occ-01	ocupacao_bool	0
28/09/2025 09:15	lux-01	luminosidade_lux	5282
28/09/2025 09:30	occ-01	ocupacao_bool	0
28/09/2025 09:30	lux-01	luminosidade_lux	5385
28/09/2025 09:30	temp-01	temperatura_c	2441
28/09/2025 09:45	lux-01	luminosidade_lux	5041
28/09/2025 09:45	temp-01	temperatura_c	2524
28/09/2025 09:45	occ-01	ocupacao_bool	0
28/09/2025 10:00	lux-01	luminosidade_lux	5800
28/09/2025 10:00	temp-01	temperatura_c	2602
28/09/2025 10:00	occ-01	ocupacao_bool	10
28/09/2025 10:15	lux-01	luminosidade_lux	5672
28/09/2025 10:15	temp-01	temperatura_c	2601
28/09/2025 10:15	occ-01	ocupacao_bool	0
28/09/2025 10:30	lux-01	luminosidade_lux	5686
28/09/2025 10:30	temp-01	temperatura_c	2549
28/09/2025 10:30	occ-01	ocupacao_bool	0
28/09/2025 10:45	lux-01	luminosidade_lux	5884
28/09/2025 10:45	occ-01	ocupacao_bool	10
28/09/2025 10:45	temp-01	temperatura_c	2508
28/09/2025 11:00	occ-01	ocupacao_bool	0
28/09/2025 11:00	temp-01	temperatura_c	260
28/09/2025 11:00	lux-01	luminosidade_lux	6057
28/09/2025 11:15	occ-01	ocupacao_bool	0
28/09/2025 11:15	temp-01	temperatura_c	2632
28/09/2025 11:15	lux-01	luminosidade_lux	5790
28/09/2025 11:30	temp-01	temperatura_c	2532
28/09/2025 11:30	lux-01	luminosidade_lux	5833
28/09/2025 11:30	occ-01	ocupacao_bool	0
28/09/2025 11:45	lux-01	luminosidade_lux	5893
28/09/2025 11:45	occ-01	ocupacao_bool	0
28/09/2025 11:45	temp-01	temperatura_c	2538
28/09/2025 12:00	lux-01	luminosidade_lux	5931
28/09/2025 12:00	occ-01	ocupacao_bool	0
28/09/2025 12:00	temp-01	temperatura_c	260
28/09/2025 12:15	lux-01	luminosidade_lux	5995
28/09/2025 12:15	temp-01	temperatura_c	2486
28/09/2025 12:15	occ-01	ocupacao_bool	0
28/09/2025 12:30	temp-01	temperatura_c	262
28/09/2025 12:30	occ-01	ocupacao_bool	0
28/09/2025 12:30	lux-01	luminosidade_lux	6062
28/09/2025 12:45	temp-01	temperatura_c	2505
28/09/2025 12:45	occ-01	ocupacao_bool	10
28/09/2025 12:45	lux-01	luminosidade_lux	6133
28/09/2025 13:00	temp-01	temperatura_c	2576
28/09/2025 13:00	occ-01	ocupacao_bool	0
28/09/2025 13:00	lux-01	luminosidade_lux	5742
28/09/2025 13:15	temp-01	temperatura_c	2656
28/09/2025 13:15	occ-01	ocupacao_bool	0
28/09/2025 13:15	lux-01	luminosidade_lux	5725
28/09/2025 13:30	temp-01	temperatura_c	2604
28/09/2025 13:30	lux-01	luminosidade_lux	5734
28/09/2025 13:30	occ-01	ocupacao_bool	0
28/09/2025 13:45	lux-01	luminosidade_lux	5994
28/09/2025 13:45	temp-01	temperatura_c	2649
28/09/2025 13:45	occ-01	ocupacao_bool	0
28/09/2025 14:00	lux-01	luminosidade_lux	5835
28/09/2025 14:00	temp-01	temperatura_c	2601
28/09/2025 14:00	occ-01	ocupacao_bool	0
28/09/2025 14:15	lux-01	luminosidade_lux	5752
28/09/2025 14:15	temp-01	temperatura_c	2457
28/09/2025 14:15	occ-01	ocupacao_bool	0
28/09/2025 14:30	lux-01	luminosidade_lux	5692
28/09/2025 14:30	temp-01	temperatura_c	2605
28/09/2025 14:30	occ-01	ocupacao_bool	0
28/09/2025 14:45	temp-01	temperatura_c	2638
28/09/2025 14:45	occ-01	ocupacao_bool	0
28/09/2025 14:45	lux-01	luminosidade_lux	5584
28/09/2025 15:00	occ-01	ocupacao_bool	0
28/09/2025 15:00	lux-01	luminosidade_lux	5403
28/09/2025 15:00	temp-01	temperatura_c	2522
28/09/2025 15:15	occ-01	ocupacao_bool	0
28/09/2025 15:15	lux-01	luminosidade_lux	5056
28/09/2025 15:15	temp-01	temperatura_c	262
28/09/2025 15:30	occ-01	ocupacao_bool	0
28/09/2025 15:30	lux-01	luminosidade_lux	5288
28/09/2025 15:30	temp-01	temperatura_c	2395
28/09/2025 15:45	occ-01	ocupacao_bool	0
28/09/2025 15:45	lux-01	luminosidade_lux	5254
28/09/2025 15:45	temp-01	temperatura_c	2533
28/09/2025 16:00	lux-01	luminosidade_lux	4988
28/09/2025 16:00	temp-01	temperatura_c	2438
28/09/2025 16:00	occ-01	ocupacao_bool	0
28/09/2025 16:15	temp-01	temperatura_c	2341
28/09/2025 16:15	lux-01	luminosidade_lux	4566
28/09/2025 16:15	occ-01	ocupacao_bool	0
28/09/2025 16:30	temp-01	temperatura_c	2455
28/09/2025 16:30	lux-01	luminosidade_lux	4803
28/09/2025 16:30	occ-01	ocupacao_bool	0
28/09/2025 16:45	lux-01	luminosidade_lux	4410
28/09/2025 16:45	occ-01	ocupacao_bool	0
28/09/2025 16:45	temp-01	temperatura_c	2547
28/09/2025 17:00	occ-01	ocupacao_bool	0
28/09/2025 17:00	temp-01	temperatura_c	2392
28/09/2025 17:00	lux-01	luminosidade_lux	3927
28/09/2025 17:15	occ-01	ocupacao_bool	0
28/09/2025 17:15	temp-01	temperatura_c	2365
28/09/2025 17:15	lux-01	luminosidade_lux	4040
28/09/2025 17:30	occ-01	ocupacao_bool	0
28/09/2025 17:30	lux-01	luminosidade_lux	4042
28/09/2025 17:30	temp-01	temperatura_c	2316
28/09/2025 17:45	lux-01	luminosidade_lux	4061
28/09/2025 17:45	temp-01	temperatura_c	2273
28/09/2025 17:45	occ-01	ocupacao_bool	10
28/09/2025 18:00	lux-01	luminosidade_lux	3311
28/09/2025 18:00	temp-01	temperatura_c	2367
28/09/2025 18:00	occ-01	ocupacao_bool	0
28/09/2025 18:15	lux-01	luminosidade_lux	3083
28/09/2025 18:15	temp-01	temperatura_c	2329
28/09/2025 18:15	occ-01	ocupacao_bool	0
28/09/2025 18:30	lux-01	luminosidade_lux	3238
28/09/2025 18:30	temp-01	temperatura_c	2184
28/09/2025 18:30	occ-01	ocupacao_bool	0
28/09/2025 18:45	lux-01	luminosidade_lux	3152
28/09/2025 18:45	occ-01	ocupacao_bool	0
28/09/2025 18:45	temp-01	temperatura_c	2261
28/09/2025 19:00	occ-01	ocupacao_bool	0
28/09/2025 19:00	lux-01	luminosidade_lux	39
28/09/2025 19:00	temp-01	temperatura_c	2253
28/09/2025 19:15	occ-01	ocupacao_bool	0
28/09/2025 19:15	lux-01	luminosidade_lux	104
28/09/2025 19:15	temp-01	temperatura_c	2268
28/09/2025 19:30	occ-01	ocupacao_bool	0
28/09/2025 19:30	lux-01	luminosidade_lux	0
28/09/2025 19:30	temp-01	temperatura_c	2185
28/09/2025 19:45	occ-01	ocupacao_bool	0
28/09/2025 19:45	lux-01	luminosidade_lux	0
28/09/2025 19:45	temp-01	temperatura_c	2135
28/09/2025 20:00	lux-01	luminosidade_lux	48
28/09/2025 20:00	temp-01	temperatura_c	2147
28/09/2025 20:00	occ-01	ocupacao_bool	10
28/09/2025 20:15	temp-01	temperatura_c	2162
28/09/2025 20:15	occ-01	ocupacao_bool	0
28/09/2025 20:15	lux-01	luminosidade_lux	0
28/09/2025 20:30	temp-01	temperatura_c	2169
28/09/2025 20:30	occ-01	ocupacao_bool	0
28/09/2025 20:30	lux-01	luminosidade_lux	0
28/09/2025 20:45	temp-01	temperatura_c	2106
28/09/2025 20:45	occ-01	ocupacao_bool	0
28/09/2025 20:45	lux-01	luminosidade_lux	104
28/09/2025 21:00	temp-01	temperatura_c	204
28/09/2025 21:00	occ-01	ocupacao_bool	0
28/09/2025 21:00	lux-01	luminosidade_lux	0
28/09/2025 21:15	occ-01	ocupacao_bool	10
28/09/2025 21:15	lux-01	luminosidade_lux	0
28/09/2025 21:15	temp-01	temperatura_c	2165
28/09/2025 21:30	lux-01	luminosidade_lux	162
28/09/2025 21:30	occ-01	ocupacao_bool	0
28/09/2025 21:30	temp-01	temperatura_c	2033
28/09/2025 21:45	lux-01	luminosidade_lux	0
28/09/2025 21:45	occ-01	ocupacao_bool	10
28/09/2025 21:45	temp-01	temperatura_c	2006
28/09/2025 22:00	occ-01	ocupacao_bool	0
28/09/2025 22:00	temp-01	temperatura_c	2025
28/09/2025 22:00	lux-01	luminosidade_lux	77
28/09/2025 22:15	temp-01	temperatura_c	2097
28/09/2025 22:15	lux-01	luminosidade_lux	94
28/09/2025 22:15	occ-01	ocupacao_bool	0
28/09/2025 22:30	temp-01	temperatura_c	2052
28/09/2025 22:30	lux-01	luminosidade_lux	175
28/09/2025 22:30	occ-01	ocupacao_bool	0
28/09/2025 22:45	temp-01	temperatura_c	2028
28/09/2025 22:45	occ-01	ocupacao_bool	10
28/09/2025 22:45	lux-01	luminosidade_lux	102
28/09/2025 23:00	occ-01	ocupacao_bool	10
28/09/2025 23:00	lux-01	luminosidade_lux	267
28/09/2025 23:00	temp-01	temperatura_c	2029
28/09/2025 23:15	occ-01	ocupacao_bool	0
28/09/2025 23:15	lux-01	luminosidade_lux	0
28/09/2025 23:15	temp-01	temperatura_c	1966
28/09/2025 23:30	occ-01	ocupacao_bool	0
28/09/2025 23:30	lux-01	luminosidade_lux	0
28/09/2025 23:30	temp-01	temperatura_c	1956
28/09/2025 23:45	occ-01	ocupacao_bool	0
28/09/2025 23:45	lux-01	luminosidade_lux	0
28/09/2025 23:45	temp-01	temperatura_c	1954
29/09/2025 00:00	occ-01	ocupacao_bool	0
29/09/2025 00:00	temp-01	temperatura_c	2044
29/09/2025 00:00	lux-01	luminosidade_lux	195
29/09/2025 00:15	temp-01	temperatura_c	2062
29/09/2025 00:15	occ-01	ocupacao_bool	0
29/09/2025 00:15	lux-01	luminosidade_lux	216
29/09/2025 00:30	temp-01	temperatura_c	2089
29/09/2025 00:30	occ-01	ocupacao_bool	0
29/09/2025 00:30	lux-01	luminosidade_lux	0
29/09/2025 00:45	temp-01	temperatura_c	1954
29/09/2025 00:45	occ-01	ocupacao_bool	0
29/09/2025 00:45	lux-01	luminosidade_lux	0
29/09/2025 01:00	temp-01	temperatura_c	1995
29/09/2025 01:00	occ-01	ocupacao_bool	0
29/09/2025 01:00	lux-01	luminosidade_lux	309
29/09/2025 01:15	occ-01	ocupacao_bool	0
29/09/2025 01:15	lux-01	luminosidade_lux	0
29/09/2025 01:15	temp-01	temperatura_c	2029
29/09/2025 01:30	lux-01	luminosidade_lux	0
29/09/2025 01:30	temp-01	temperatura_c	1999
29/09/2025 01:30	occ-01	ocupacao_bool	0
29/09/2025 01:45	lux-01	luminosidade_lux	22
29/09/2025 01:45	temp-01	temperatura_c	1919
29/09/2025 01:45	occ-01	ocupacao_bool	0
29/09/2025 02:00	lux-01	luminosidade_lux	91
29/09/2025 02:00	temp-01	temperatura_c	2061
29/09/2025 02:00	occ-01	ocupacao_bool	0
29/09/2025 02:15	lux-01	luminosidade_lux	15
29/09/2025 02:15	temp-01	temperatura_c	2005
29/09/2025 02:15	occ-01	ocupacao_bool	0
29/09/2025 02:30	temp-01	temperatura_c	2005
29/09/2025 02:30	occ-01	ocupacao_bool	0
29/09/2025 02:30	lux-01	luminosidade_lux	225
29/09/2025 02:45	occ-01	ocupacao_bool	0
29/09/2025 02:45	temp-01	temperatura_c	2043
29/09/2025 02:45	lux-01	luminosidade_lux	0
29/09/2025 03:00	occ-01	ocupacao_bool	0
29/09/2025 03:00	temp-01	temperatura_c	2016
29/09/2025 03:00	lux-01	luminosidade_lux	0
29/09/2025 03:15	temp-01	temperatura_c	2197
29/09/2025 03:15	lux-01	luminosidade_lux	0
29/09/2025 03:15	occ-01	ocupacao_bool	0
29/09/2025 03:30	lux-01	luminosidade_lux	216
29/09/2025 03:30	occ-01	ocupacao_bool	0
29/09/2025 03:30	temp-01	temperatura_c	2073
29/09/2025 03:45	lux-01	luminosidade_lux	0
29/09/2025 03:45	occ-01	ocupacao_bool	0
29/09/2025 03:45	temp-01	temperatura_c	2131
29/09/2025 04:00	lux-01	luminosidade_lux	211
29/09/2025 04:00	temp-01	temperatura_c	2117
29/09/2025 04:00	occ-01	ocupacao_bool	0
29/09/2025 04:15	temp-01	temperatura_c	2208
29/09/2025 04:15	occ-01	ocupacao_bool	0
29/09/2025 04:15	lux-01	luminosidade_lux	287
29/09/2025 04:30	temp-01	temperatura_c	2224
29/09/2025 04:30	occ-01	ocupacao_bool	0
29/09/2025 04:30	lux-01	luminosidade_lux	0
29/09/2025 04:45	temp-01	temperatura_c	2254
29/09/2025 04:45	occ-01	ocupacao_bool	0
29/09/2025 04:45	lux-01	luminosidade_lux	136
29/09/2025 05:00	temp-01	temperatura_c	2265
29/09/2025 05:00	occ-01	ocupacao_bool	0
29/09/2025 05:00	lux-01	luminosidade_lux	0
29/09/2025 05:15	temp-01	temperatura_c	2255
29/09/2025 05:15	lux-01	luminosidade_lux	0
29/09/2025 05:15	occ-01	ocupacao_bool	0
29/09/2025 05:30	lux-01	luminosidade_lux	0
29/09/2025 05:30	temp-01	temperatura_c	2302
29/09/2025 05:30	occ-01	ocupacao_bool	0
29/09/2025 05:45	lux-01	luminosidade_lux	0
29/09/2025 05:45	temp-01	temperatura_c	2133
29/09/2025 05:45	occ-01	ocupacao_bool	0
29/09/2025 06:00	lux-01	luminosidade_lux	3265
29/09/2025 06:00	temp-01	temperatura_c	2308
29/09/2025 06:00	occ-01	ocupacao_bool	0
29/09/2025 06:15	lux-01	luminosidade_lux	3163
29/09/2025 06:15	temp-01	temperatura_c	2311
29/09/2025 06:15	occ-01	ocupacao_bool	0
29/09/2025 06:30	temp-01	temperatura_c	2245
29/09/2025 06:30	occ-01	ocupacao_bool	0
29/09/2025 06:30	lux-01	luminosidade_lux	3168
29/09/2025 06:45	occ-01	ocupacao_bool	0
29/09/2025 06:45	lux-01	luminosidade_lux	3058
29/09/2025 06:45	temp-01	temperatura_c	2163
29/09/2025 07:00	occ-01	ocupacao_bool	0
29/09/2025 07:00	lux-01	luminosidade_lux	3683
29/09/2025 07:00	temp-01	temperatura_c	2368
29/09/2025 07:15	occ-01	ocupacao_bool	0
29/09/2025 07:15	lux-01	luminosidade_lux	4064
29/09/2025 07:15	temp-01	temperatura_c	2459
29/09/2025 07:30	occ-01	ocupacao_bool	0
29/09/2025 07:30	lux-01	luminosidade_lux	4055
29/09/2025 07:30	temp-01	temperatura_c	2553
29/09/2025 07:45	occ-01	ocupacao_bool	0
29/09/2025 07:45	temp-01	temperatura_c	2321
29/09/2025 07:45	lux-01	luminosidade_lux	3956
29/09/2025 08:00	temp-01	temperatura_c	2474
29/09/2025 08:00	lux-01	luminosidade_lux	4695
29/09/2025 08:00	occ-01	ocupacao_bool	10
29/09/2025 08:15	temp-01	temperatura_c	2525
29/09/2025 08:15	lux-01	luminosidade_lux	4627
29/09/2025 08:15	occ-01	ocupacao_bool	0
29/09/2025 08:30	lux-01	luminosidade_lux	4531
29/09/2025 08:30	occ-01	ocupacao_bool	10
29/09/2025 08:30	temp-01	temperatura_c	2485
29/09/2025 08:45	occ-01	ocupacao_bool	10
29/09/2025 08:45	temp-01	temperatura_c	2382
29/09/2025 08:45	lux-01	luminosidade_lux	4791
29/09/2025 09:00	occ-01	ocupacao_bool	0
29/09/2025 09:00	temp-01	temperatura_c	2518
29/09/2025 09:00	lux-01	luminosidade_lux	5355
29/09/2025 09:15	occ-01	ocupacao_bool	10
29/09/2025 09:15	lux-01	luminosidade_lux	5452
29/09/2025 09:15	temp-01	temperatura_c	2464
29/09/2025 09:30	lux-01	luminosidade_lux	5258
29/09/2025 09:30	temp-01	temperatura_c	2533
29/09/2025 09:30	occ-01	ocupacao_bool	10
29/09/2025 09:45	lux-01	luminosidade_lux	5226
29/09/2025 09:45	temp-01	temperatura_c	2444
29/09/2025 09:45	occ-01	ocupacao_bool	10
29/09/2025 10:00	lux-01	luminosidade_lux	5695
29/09/2025 10:00	temp-01	temperatura_c	2449
29/09/2025 10:00	occ-01	ocupacao_bool	10
29/09/2025 10:15	lux-01	luminosidade_lux	5478
29/09/2025 10:15	temp-01	temperatura_c	2582
29/09/2025 10:15	occ-01	ocupacao_bool	10
29/09/2025 10:30	lux-01	luminosidade_lux	5679
29/09/2025 10:30	occ-01	ocupacao_bool	10
29/09/2025 10:30	temp-01	temperatura_c	2623
29/09/2025 10:45	occ-01	ocupacao_bool	0
29/09/2025 10:45	lux-01	luminosidade_lux	5936
29/09/2025 10:45	temp-01	temperatura_c	2522
29/09/2025 11:00	occ-01	ocupacao_bool	10
29/09/2025 11:00	lux-01	luminosidade_lux	5865
29/09/2025 11:00	temp-01	temperatura_c	2562
29/09/2025 11:15	occ-01	ocupacao_bool	10
29/09/2025 11:15	lux-01	luminosidade_lux	5820
29/09/2025 11:15	temp-01	temperatura_c	264
29/09/2025 11:30	occ-01	ocupacao_bool	0
29/09/2025 11:30	lux-01	luminosidade_lux	5669
29/09/2025 11:30	temp-01	temperatura_c	2494
29/09/2025 11:45	lux-01	luminosidade_lux	5918
29/09/2025 11:45	temp-01	temperatura_c	2659
29/09/2025 11:45	occ-01	ocupacao_bool	10
29/09/2025 12:00	temp-01	temperatura_c	2595
29/09/2025 12:00	occ-01	ocupacao_bool	10
29/09/2025 12:00	lux-01	luminosidade_lux	6072
29/09/2025 12:15	temp-01	temperatura_c	2631
29/09/2025 12:15	occ-01	ocupacao_bool	10
29/09/2025 12:15	lux-01	luminosidade_lux	5991
29/09/2025 12:30	temp-01	temperatura_c	2648
29/09/2025 12:30	occ-01	ocupacao_bool	0
29/09/2025 12:30	lux-01	luminosidade_lux	5882
29/09/2025 12:45	temp-01	temperatura_c	2601
29/09/2025 12:45	occ-01	ocupacao_bool	10
29/09/2025 12:45	lux-01	luminosidade_lux	5874
29/09/2025 13:00	occ-01	ocupacao_bool	0
29/09/2025 13:00	lux-01	luminosidade_lux	6046
29/09/2025 13:00	temp-01	temperatura_c	2514
29/09/2025 13:15	lux-01	luminosidade_lux	5761
29/09/2025 13:15	occ-01	ocupacao_bool	0
29/09/2025 13:15	temp-01	temperatura_c	2577
29/09/2025 13:30	lux-01	luminosidade_lux	5842
29/09/2025 13:30	occ-01	ocupacao_bool	10
29/09/2025 13:30	temp-01	temperatura_c	2568
29/09/2025 13:45	occ-01	ocupacao_bool	0
29/09/2025 13:45	temp-01	temperatura_c	2658
29/09/2025 13:45	lux-01	luminosidade_lux	6158
29/09/2025 14:00	temp-01	temperatura_c	2585
29/09/2025 14:00	lux-01	luminosidade_lux	5675
29/09/2025 14:00	occ-01	ocupacao_bool	10
29/09/2025 14:15	temp-01	temperatura_c	2527
29/09/2025 14:15	lux-01	luminosidade_lux	5974
29/09/2025 14:15	occ-01	ocupacao_bool	10
29/09/2025 14:30	temp-01	temperatura_c	2447
29/09/2025 14:30	occ-01	ocupacao_bool	10
29/09/2025 14:30	lux-01	luminosidade_lux	5625
29/09/2025 14:45	occ-01	ocupacao_bool	0
29/09/2025 14:45	lux-01	luminosidade_lux	5790
29/09/2025 14:45	temp-01	temperatura_c	2577
29/09/2025 15:00	occ-01	ocupacao_bool	10
29/09/2025 15:00	lux-01	luminosidade_lux	5327
29/09/2025 15:00	temp-01	temperatura_c	2508
29/09/2025 15:15	occ-01	ocupacao_bool	10
29/09/2025 15:15	lux-01	luminosidade_lux	5022
29/09/2025 15:15	temp-01	temperatura_c	2576
29/09/2025 15:30	occ-01	ocupacao_bool	10
29/09/2025 15:30	lux-01	luminosidade_lux	4963
29/09/2025 15:30	temp-01	temperatura_c	2528
29/09/2025 15:45	occ-01	ocupacao_bool	0
29/09/2025 15:45	temp-01	temperatura_c	2451
29/09/2025 15:45	lux-01	luminosidade_lux	5011
29/09/2025 16:00	temp-01	temperatura_c	2441
29/09/2025 16:00	occ-01	ocupacao_bool	0
29/09/2025 16:00	lux-01	luminosidade_lux	4855
29/09/2025 16:15	temp-01	temperatura_c	2434
29/09/2025 16:15	occ-01	ocupacao_bool	10
29/09/2025 16:15	lux-01	luminosidade_lux	4487
29/09/2025 16:30	temp-01	temperatura_c	2398
29/09/2025 16:30	occ-01	ocupacao_bool	0
29/09/2025 16:30	lux-01	luminosidade_lux	4650
29/09/2025 16:45	temp-01	temperatura_c	2381
29/09/2025 16:45	occ-01	ocupacao_bool	10
29/09/2025 16:45	lux-01	luminosidade_lux	4555
29/09/2025 17:00	occ-01	ocupacao_bool	10
29/09/2025 17:00	lux-01	luminosidade_lux	3994
29/09/2025 17:00	temp-01	temperatura_c	2406
29/09/2025 17:15	lux-01	luminosidade_lux	3975
29/09/2025 17:15	temp-01	temperatura_c	238
29/09/2025 17:15	occ-01	ocupacao_bool	10
29/09/2025 17:30	lux-01	luminosidade_lux	4427
29/09/2025 17:30	temp-01	temperatura_c	2368
29/09/2025 17:30	occ-01	ocupacao_bool	10
29/09/2025 17:45	lux-01	luminosidade_lux	3839
29/09/2025 17:45	temp-01	temperatura_c	236
29/09/2025 17:45	occ-01	ocupacao_bool	0
29/09/2025 18:00	lux-01	luminosidade_lux	3038
29/09/2025 18:00	temp-01	temperatura_c	2288
29/09/2025 18:00	occ-01	ocupacao_bool	0
29/09/2025 18:15	lux-01	luminosidade_lux	3235
29/09/2025 18:15	occ-01	ocupacao_bool	0
29/09/2025 18:15	temp-01	temperatura_c	2319
29/09/2025 18:30	occ-01	ocupacao_bool	0
29/09/2025 18:30	temp-01	temperatura_c	2315
29/09/2025 18:30	lux-01	luminosidade_lux	3269
29/09/2025 18:45	occ-01	ocupacao_bool	0
29/09/2025 18:45	temp-01	temperatura_c	2386
29/09/2025 18:45	lux-01	luminosidade_lux	3419
29/09/2025 19:00	temp-01	temperatura_c	2155
29/09/2025 19:00	lux-01	luminosidade_lux	213
29/09/2025 19:00	occ-01	ocupacao_bool	0
29/09/2025 19:15	lux-01	luminosidade_lux	10
29/09/2025 19:15	occ-01	ocupacao_bool	0
29/09/2025 19:15	temp-01	temperatura_c	2208
29/09/2025 19:30	lux-01	luminosidade_lux	0
29/09/2025 19:30	occ-01	ocupacao_bool	0
29/09/2025 19:30	temp-01	temperatura_c	2161
29/09/2025 19:45	lux-01	luminosidade_lux	143
29/09/2025 19:45	temp-01	temperatura_c	2237
29/09/2025 19:45	occ-01	ocupacao_bool	0
29/09/2025 20:00	temp-01	temperatura_c	2333
29/09/2025 20:00	occ-01	ocupacao_bool	0
29/09/2025 20:00	lux-01	luminosidade_lux	137
29/09/2025 20:15	temp-01	temperatura_c	2145
29/09/2025 20:15	occ-01	ocupacao_bool	0
29/09/2025 20:15	lux-01	luminosidade_lux	209
29/09/2025 20:30	temp-01	temperatura_c	220
29/09/2025 20:30	occ-01	ocupacao_bool	0
29/09/2025 20:30	lux-01	luminosidade_lux	0
29/09/2025 20:45	temp-01	temperatura_c	2202
29/09/2025 20:45	occ-01	ocupacao_bool	0
29/09/2025 20:45	lux-01	luminosidade_lux	81
29/09/2025 21:00	temp-01	temperatura_c	2088
29/09/2025 21:00	lux-01	luminosidade_lux	99
29/09/2025 21:00	occ-01	ocupacao_bool	0
29/09/2025 21:15	lux-01	luminosidade_lux	0
29/09/2025 21:15	temp-01	temperatura_c	2116
29/09/2025 21:15	occ-01	ocupacao_bool	0
29/09/2025 21:30	lux-01	luminosidade_lux	0
29/09/2025 21:30	temp-01	temperatura_c	2228
29/09/2025 21:30	occ-01	ocupacao_bool	0
29/09/2025 21:45	lux-01	luminosidade_lux	74
29/09/2025 21:45	temp-01	temperatura_c	206
29/09/2025 21:45	occ-01	ocupacao_bool	0
29/09/2025 22:00	lux-01	luminosidade_lux	159
29/09/2025 22:00	temp-01	temperatura_c	2019
29/09/2025 22:00	occ-01	ocupacao_bool	0
29/09/2025 22:15	temp-01	temperatura_c	2033
29/09/2025 22:15	occ-01	ocupacao_bool	0
29/09/2025 22:15	lux-01	luminosidade_lux	0
29/09/2025 22:30	occ-01	ocupacao_bool	0
29/09/2025 22:30	lux-01	luminosidade_lux	0
29/09/2025 22:30	temp-01	temperatura_c	2054
29/09/2025 22:45	occ-01	ocupacao_bool	0
29/09/2025 22:45	lux-01	luminosidade_lux	0
29/09/2025 22:45	temp-01	temperatura_c	2068
29/09/2025 23:00	occ-01	ocupacao_bool	0
29/09/2025 23:00	lux-01	luminosidade_lux	148
29/09/2025 23:00	temp-01	temperatura_c	1972
29/09/2025 23:15	occ-01	ocupacao_bool	0
29/09/2025 23:15	lux-01	luminosidade_lux	228
29/09/2025 23:15	temp-01	temperatura_c	1959
29/09/2025 23:30	lux-01	luminosidade_lux	0
29/09/2025 23:30	temp-01	temperatura_c	1966
29/09/2025 23:30	occ-01	ocupacao_bool	0
29/09/2025 23:45	temp-01	temperatura_c	2032
29/09/2025 23:45	lux-01	luminosidade_lux	0
29/09/2025 23:45	occ-01	ocupacao_bool	0
30/09/2025 00:00	temp-01	temperatura_c	1898
30/09/2025 00:00	lux-01	luminosidade_lux	176
30/09/2025 00:00	occ-01	ocupacao_bool	0
30/09/2025 00:15	lux-01	luminosidade_lux	34
30/09/2025 00:15	occ-01	ocupacao_bool	0
30/09/2025 00:15	temp-01	temperatura_c	206
30/09/2025 00:30	occ-01	ocupacao_bool	0
30/09/2025 00:30	temp-01	temperatura_c	1877
30/09/2025 00:30	lux-01	luminosidade_lux	0
30/09/2025 00:45	occ-01	ocupacao_bool	0
30/09/2025 00:45	temp-01	temperatura_c	2011
30/09/2025 00:45	lux-01	luminosidade_lux	0
30/09/2025 01:00	occ-01	ocupacao_bool	0
30/09/2025 01:00	lux-01	luminosidade_lux	3
30/09/2025 01:00	temp-01	temperatura_c	2058
30/09/2025 01:15	lux-01	luminosidade_lux	235
30/09/2025 01:15	temp-01	temperatura_c	196
30/09/2025 01:15	occ-01	ocupacao_bool	0
30/09/2025 01:30	lux-01	luminosidade_lux	0
30/09/2025 01:30	temp-01	temperatura_c	1991
30/09/2025 01:30	occ-01	ocupacao_bool	0
30/09/2025 01:45	lux-01	luminosidade_lux	0
30/09/2025 01:45	temp-01	temperatura_c	2012
30/09/2025 01:45	occ-01	ocupacao_bool	0
30/09/2025 02:00	lux-01	luminosidade_lux	98
30/09/2025 02:00	temp-01	temperatura_c	2043
30/09/2025 02:00	occ-01	ocupacao_bool	0
30/09/2025 02:15	lux-01	luminosidade_lux	0
30/09/2025 02:15	occ-01	ocupacao_bool	0
30/09/2025 02:15	temp-01	temperatura_c	2046
30/09/2025 02:30	occ-01	ocupacao_bool	0
30/09/2025 02:30	lux-01	luminosidade_lux	0
30/09/2025 02:30	temp-01	temperatura_c	203
30/09/2025 02:45	occ-01	ocupacao_bool	0
30/09/2025 02:45	lux-01	luminosidade_lux	125
30/09/2025 02:45	temp-01	temperatura_c	1965
30/09/2025 03:00	occ-01	ocupacao_bool	0
30/09/2025 03:00	lux-01	luminosidade_lux	132
30/09/2025 03:00	temp-01	temperatura_c	2148
30/09/2025 03:15	occ-01	ocupacao_bool	0
30/09/2025 03:15	lux-01	luminosidade_lux	0
30/09/2025 03:15	temp-01	temperatura_c	2121
30/09/2025 03:30	lux-01	luminosidade_lux	0
30/09/2025 03:30	temp-01	temperatura_c	2006
30/09/2025 03:30	occ-01	ocupacao_bool	0
30/09/2025 03:45	temp-01	temperatura_c	2097
30/09/2025 03:45	occ-01	ocupacao_bool	0
30/09/2025 03:45	lux-01	luminosidade_lux	4
30/09/2025 04:00	temp-01	temperatura_c	2076
30/09/2025 04:00	occ-01	ocupacao_bool	0
30/09/2025 04:00	lux-01	luminosidade_lux	106
30/09/2025 04:15	temp-01	temperatura_c	2167
30/09/2025 04:15	occ-01	ocupacao_bool	0
30/09/2025 04:15	lux-01	luminosidade_lux	146
30/09/2025 04:30	temp-01	temperatura_c	2069
30/09/2025 04:30	occ-01	ocupacao_bool	0
30/09/2025 04:30	lux-01	luminosidade_lux	49
30/09/2025 04:45	temp-01	temperatura_c	220
30/09/2025 04:45	lux-01	luminosidade_lux	107
30/09/2025 04:45	occ-01	ocupacao_bool	0
30/09/2025 05:00	lux-01	luminosidade_lux	34
30/09/2025 05:00	occ-01	ocupacao_bool	0
30/09/2025 05:00	temp-01	temperatura_c	2253
30/09/2025 05:15	lux-01	luminosidade_lux	0
30/09/2025 05:15	occ-01	ocupacao_bool	0
30/09/2025 05:15	temp-01	temperatura_c	2221
30/09/2025 05:30	occ-01	ocupacao_bool	0
30/09/2025 05:30	temp-01	temperatura_c	2216
30/09/2025 05:30	lux-01	luminosidade_lux	39
30/09/2025 05:45	temp-01	temperatura_c	2314
30/09/2025 05:45	lux-01	luminosidade_lux	13
30/09/2025 05:45	occ-01	ocupacao_bool	0
30/09/2025 06:00	temp-01	temperatura_c	2388
30/09/2025 06:00	lux-01	luminosidade_lux	3019
30/09/2025 06:00	occ-01	ocupacao_bool	0
30/09/2025 06:15	temp-01	temperatura_c	2331
30/09/2025 06:15	occ-01	ocupacao_bool	0
30/09/2025 06:15	lux-01	luminosidade_lux	3238
30/09/2025 06:30	occ-01	ocupacao_bool	10
30/09/2025 06:30	lux-01	luminosidade_lux	3250
30/09/2025 06:30	temp-01	temperatura_c	2286
30/09/2025 06:45	occ-01	ocupacao_bool	0
30/09/2025 06:45	lux-01	luminosidade_lux	3256
30/09/2025 06:45	temp-01	temperatura_c	225
30/09/2025 07:00	occ-01	ocupacao_bool	0
30/09/2025 07:00	lux-01	luminosidade_lux	3900
30/09/2025 07:00	temp-01	temperatura_c	238
30/09/2025 07:15	occ-01	ocupacao_bool	0
30/09/2025 07:15	lux-01	luminosidade_lux	4132
30/09/2025 07:15	temp-01	temperatura_c	2323
30/09/2025 07:30	occ-01	ocupacao_bool	0
30/09/2025 07:30	temp-01	temperatura_c	2351
30/09/2025 07:30	lux-01	luminosidade_lux	3887
30/09/2025 07:45	temp-01	temperatura_c	2382
30/09/2025 07:45	occ-01	ocupacao_bool	0
30/09/2025 07:45	lux-01	luminosidade_lux	3944
30/09/2025 08:00	temp-01	temperatura_c	2571
30/09/2025 08:00	occ-01	ocupacao_bool	0
30/09/2025 08:00	lux-01	luminosidade_lux	4721
30/09/2025 08:15	temp-01	temperatura_c	2499
30/09/2025 08:15	occ-01	ocupacao_bool	10
30/09/2025 08:15	lux-01	luminosidade_lux	4649
30/09/2025 08:30	temp-01	temperatura_c	2459
30/09/2025 08:30	occ-01	ocupacao_bool	10
30/09/2025 08:30	lux-01	luminosidade_lux	4606
30/09/2025 08:45	occ-01	ocupacao_bool	0
30/09/2025 08:45	lux-01	luminosidade_lux	4650
30/09/2025 08:45	temp-01	temperatura_c	2407
30/09/2025 09:00	lux-01	luminosidade_lux	4998
30/09/2025 09:00	temp-01	temperatura_c	2557
30/09/2025 09:00	occ-01	ocupacao_bool	10
30/09/2025 09:15	lux-01	luminosidade_lux	5233
30/09/2025 09:15	temp-01	temperatura_c	2517
30/09/2025 09:15	occ-01	ocupacao_bool	10
30/09/2025 09:30	lux-01	luminosidade_lux	5257
30/09/2025 09:30	temp-01	temperatura_c	2593
30/09/2025 09:30	occ-01	ocupacao_bool	10
30/09/2025 09:45	lux-01	luminosidade_lux	5357
30/09/2025 09:45	temp-01	temperatura_c	2604
30/09/2025 09:45	occ-01	ocupacao_bool	10
30/09/2025 10:00	temp-01	temperatura_c	2636
30/09/2025 10:00	occ-01	ocupacao_bool	10
30/09/2025 10:00	lux-01	luminosidade_lux	5603
30/09/2025 10:15	occ-01	ocupacao_bool	10
30/09/2025 10:15	temp-01	temperatura_c	2587
30/09/2025 10:15	lux-01	luminosidade_lux	5511
30/09/2025 10:30	occ-01	ocupacao_bool	10
30/09/2025 10:30	temp-01	temperatura_c	2619
30/09/2025 10:30	lux-01	luminosidade_lux	5607
30/09/2025 10:45	temp-01	temperatura_c	2617
30/09/2025 10:45	lux-01	luminosidade_lux	5487
30/09/2025 10:45	occ-01	ocupacao_bool	10
30/09/2025 11:00	lux-01	luminosidade_lux	5787
30/09/2025 11:00	occ-01	ocupacao_bool	10
30/09/2025 11:00	temp-01	temperatura_c	253
30/09/2025 11:15	lux-01	luminosidade_lux	5918
30/09/2025 11:15	occ-01	ocupacao_bool	0
30/09/2025 11:15	temp-01	temperatura_c	2595
30/09/2025 11:30	lux-01	luminosidade_lux	6100
30/09/2025 11:30	temp-01	temperatura_c	2641
30/09/2025 11:30	occ-01	ocupacao_bool	10
30/09/2025 11:45	temp-01	temperatura_c	2548
30/09/2025 11:45	occ-01	ocupacao_bool	0
30/09/2025 11:45	lux-01	luminosidade_lux	5760
30/09/2025 12:00	temp-01	temperatura_c	2517
30/09/2025 12:00	occ-01	ocupacao_bool	10
30/09/2025 12:00	lux-01	luminosidade_lux	6059
30/09/2025 12:15	temp-01	temperatura_c	2645
30/09/2025 12:15	occ-01	ocupacao_bool	10
30/09/2025 12:15	lux-01	luminosidade_lux	6121
30/09/2025 12:30	temp-01	temperatura_c	2648
30/09/2025 12:30	occ-01	ocupacao_bool	0
30/09/2025 12:30	lux-01	luminosidade_lux	6111
30/09/2025 12:45	temp-01	temperatura_c	2719
30/09/2025 12:45	lux-01	luminosidade_lux	6179
30/09/2025 12:45	occ-01	ocupacao_bool	10
30/09/2025 13:00	lux-01	luminosidade_lux	5844
30/09/2025 13:00	temp-01	temperatura_c	2628
30/09/2025 13:00	occ-01	ocupacao_bool	10
30/09/2025 13:15	lux-01	luminosidade_lux	5947
30/09/2025 13:15	temp-01	temperatura_c	2603
30/09/2025 13:15	occ-01	ocupacao_bool	10
30/09/2025 13:30	lux-01	luminosidade_lux	6007
30/09/2025 13:30	temp-01	temperatura_c	264
30/09/2025 13:30	occ-01	ocupacao_bool	10
30/09/2025 13:45	lux-01	luminosidade_lux	6167
30/09/2025 13:45	temp-01	temperatura_c	2553
30/09/2025 13:45	occ-01	ocupacao_bool	10
30/09/2025 14:00	temp-01	temperatura_c	2577
30/09/2025 14:00	occ-01	ocupacao_bool	0
30/09/2025 14:00	lux-01	luminosidade_lux	5413
30/09/2025 14:15	occ-01	ocupacao_bool	10
30/09/2025 14:15	lux-01	luminosidade_lux	5935
30/09/2025 14:15	temp-01	temperatura_c	2506
30/09/2025 14:30	occ-01	ocupacao_bool	0
30/09/2025 14:30	lux-01	luminosidade_lux	5551
30/09/2025 14:30	temp-01	temperatura_c	2642
30/09/2025 14:45	occ-01	ocupacao_bool	0
30/09/2025 14:45	lux-01	luminosidade_lux	5552
30/09/2025 14:45	temp-01	temperatura_c	2546
30/09/2025 15:00	occ-01	ocupacao_bool	10
30/09/2025 15:00	lux-01	luminosidade_lux	5116
30/09/2025 15:00	temp-01	temperatura_c	2494
30/09/2025 15:15	lux-01	luminosidade_lux	5107
30/09/2025 15:15	temp-01	temperatura_c	2507
30/09/2025 15:15	occ-01	ocupacao_bool	10
30/09/2025 15:30	temp-01	temperatura_c	256
30/09/2025 15:30	lux-01	luminosidade_lux	5275
30/09/2025 15:30	occ-01	ocupacao_bool	0
30/09/2025 15:45	temp-01	temperatura_c	2477
30/09/2025 15:45	lux-01	luminosidade_lux	4982
30/09/2025 15:45	occ-01	ocupacao_bool	10
30/09/2025 16:00	lux-01	luminosidade_lux	4576
30/09/2025 16:00	occ-01	ocupacao_bool	10
30/09/2025 16:00	temp-01	temperatura_c	2495
30/09/2025 16:15	occ-01	ocupacao_bool	10
30/09/2025 16:15	temp-01	temperatura_c	2496
30/09/2025 16:15	lux-01	luminosidade_lux	4605
30/09/2025 16:30	occ-01	ocupacao_bool	0
30/09/2025 16:30	temp-01	temperatura_c	2475
30/09/2025 16:30	lux-01	luminosidade_lux	4587
30/09/2025 16:45	occ-01	ocupacao_bool	10
30/09/2025 16:45	lux-01	luminosidade_lux	4397
30/09/2025 16:45	temp-01	temperatura_c	2546
30/09/2025 17:00	lux-01	luminosidade_lux	4098
30/09/2025 17:00	temp-01	temperatura_c	2441
30/09/2025 17:00	occ-01	ocupacao_bool	0
30/09/2025 17:15	lux-01	luminosidade_lux	4073
30/09/2025 17:15	temp-01	temperatura_c	2345
30/09/2025 17:15	occ-01	ocupacao_bool	10
30/09/2025 17:30	lux-01	luminosidade_lux	4046
30/09/2025 17:30	temp-01	temperatura_c	2465
30/09/2025 17:30	occ-01	ocupacao_bool	10
30/09/2025 17:45	lux-01	luminosidade_lux	3970
30/09/2025 17:45	temp-01	temperatura_c	2395
30/09/2025 17:45	occ-01	ocupacao_bool	10
30/09/2025 18:00	lux-01	luminosidade_lux	3366
30/09/2025 18:00	occ-01	ocupacao_bool	0
30/09/2025 18:00	temp-01	temperatura_c	2274
30/09/2025 18:15	occ-01	ocupacao_bool	0
30/09/2025 18:15	lux-01	luminosidade_lux	3469
30/09/2025 18:15	temp-01	temperatura_c	2251
30/09/2025 18:30	occ-01	ocupacao_bool	0
30/09/2025 18:30	lux-01	luminosidade_lux	3296
30/09/2025 18:30	temp-01	temperatura_c	222
30/09/2025 18:45	occ-01	ocupacao_bool	10
30/09/2025 18:45	lux-01	luminosidade_lux	3234
30/09/2025 18:45	temp-01	temperatura_c	2336
30/09/2025 19:00	occ-01	ocupacao_bool	0
30/09/2025 19:00	lux-01	luminosidade_lux	260
30/09/2025 19:00	temp-01	temperatura_c	2301
30/09/2025 19:15	lux-01	luminosidade_lux	0
30/09/2025 19:15	temp-01	temperatura_c	2156
30/09/2025 19:15	occ-01	ocupacao_bool	0
30/09/2025 19:30	temp-01	temperatura_c	2214
30/09/2025 19:30	occ-01	ocupacao_bool	0
30/09/2025 19:30	lux-01	luminosidade_lux	468
30/09/2025 19:45	temp-01	temperatura_c	2226
30/09/2025 19:45	occ-01	ocupacao_bool	0
30/09/2025 19:45	lux-01	luminosidade_lux	0
30/09/2025 20:00	temp-01	temperatura_c	2133
30/09/2025 20:00	occ-01	ocupacao_bool	0
30/09/2025 20:00	lux-01	luminosidade_lux	21
30/09/2025 20:15	temp-01	temperatura_c	2162
30/09/2025 20:15	occ-01	ocupacao_bool	0
30/09/2025 20:15	lux-01	luminosidade_lux	61
30/09/2025 20:30	occ-01	ocupacao_bool	0
30/09/2025 20:30	lux-01	luminosidade_lux	0
30/09/2025 20:30	temp-01	temperatura_c	2236
30/09/2025 20:45	lux-01	luminosidade_lux	0
30/09/2025 20:45	occ-01	ocupacao_bool	0
30/09/2025 20:45	temp-01	temperatura_c	2267
30/09/2025 21:00	lux-01	luminosidade_lux	0
30/09/2025 21:00	occ-01	ocupacao_bool	0
30/09/2025 21:00	temp-01	temperatura_c	212
30/09/2025 21:15	occ-01	ocupacao_bool	0
30/09/2025 21:15	temp-01	temperatura_c	2108
30/09/2025 21:15	lux-01	luminosidade_lux	107
30/09/2025 21:30	temp-01	temperatura_c	2112
30/09/2025 21:30	lux-01	luminosidade_lux	0
30/09/2025 21:30	occ-01	ocupacao_bool	0
30/09/2025 21:45	temp-01	temperatura_c	2146
30/09/2025 21:45	lux-01	luminosidade_lux	0
30/09/2025 21:45	occ-01	ocupacao_bool	0
30/09/2025 22:00	temp-01	temperatura_c	2134
30/09/2025 22:00	occ-01	ocupacao_bool	0
30/09/2025 22:00	lux-01	luminosidade_lux	0
30/09/2025 22:15	occ-01	ocupacao_bool	0
30/09/2025 22:15	lux-01	luminosidade_lux	166
30/09/2025 22:15	temp-01	temperatura_c	2043
30/09/2025 22:30	occ-01	ocupacao_bool	0
30/09/2025 22:30	lux-01	luminosidade_lux	258
30/09/2025 22:30	temp-01	temperatura_c	2069
30/09/2025 22:45	occ-01	ocupacao_bool	0
30/09/2025 22:45	lux-01	luminosidade_lux	0
30/09/2025 22:45	temp-01	temperatura_c	196
30/09/2025 23:00	occ-01	ocupacao_bool	0
30/09/2025 23:00	lux-01	luminosidade_lux	90
30/09/2025 23:00	temp-01	temperatura_c	2052
30/09/2025 23:15	occ-01	ocupacao_bool	0
30/09/2025 23:15	temp-01	temperatura_c	2111
30/09/2025 23:15	lux-01	luminosidade_lux	66
30/09/2025 23:30	temp-01	temperatura_c	1907
30/09/2025 23:30	occ-01	ocupacao_bool	0
30/09/2025 23:30	lux-01	luminosidade_lux	0
30/09/2025 23:45	temp-01	temperatura_c	2029
30/09/2025 23:45	occ-01	ocupacao_bool	0
30/09/2025 23:45	lux-01	luminosidade_lux	4
01/10/2025 00:00	temp-01	temperatura_c	1964
01/10/2025 00:00	occ-01	ocupacao_bool	0
01/10/2025 00:00	lux-01	luminosidade_lux	0
01/10/2025 00:15	temp-01	temperatura_c	2002
01/10/2025 00:15	occ-01	ocupacao_bool	0
01/10/2025 00:15	lux-01	luminosidade_lux	0
01/10/2025 00:30	occ-01	ocupacao_bool	0
01/10/2025 00:30	lux-01	luminosidade_lux	0
01/10/2025 00:30	temp-01	temperatura_c	1997
01/10/2025 00:45	lux-01	luminosidade_lux	13
01/10/2025 00:45	temp-01	temperatura_c	2034
01/10/2025 00:45	occ-01	ocupacao_bool	0
01/10/2025 01:00	lux-01	luminosidade_lux	0
01/10/2025 01:00	temp-01	temperatura_c	1971
01/10/2025 01:00	occ-01	ocupacao_bool	0
01/10/2025 01:15	lux-01	luminosidade_lux	54
01/10/2025 01:15	temp-01	temperatura_c	1996
01/10/2025 01:15	occ-01	ocupacao_bool	0
01/10/2025 01:30	lux-01	luminosidade_lux	0
01/10/2025 01:30	temp-01	temperatura_c	1997
01/10/2025 01:30	occ-01	ocupacao_bool	0
01/10/2025 01:45	lux-01	luminosidade_lux	10
01/10/2025 01:45	occ-01	ocupacao_bool	0
01/10/2025 01:45	temp-01	temperatura_c	208
01/10/2025 02:00	occ-01	ocupacao_bool	0
01/10/2025 02:00	temp-01	temperatura_c	2157
01/10/2025 02:00	lux-01	luminosidade_lux	0
01/10/2025 02:15	occ-01	ocupacao_bool	0
01/10/2025 02:15	temp-01	temperatura_c	2094
01/10/2025 02:15	lux-01	luminosidade_lux	153
01/10/2025 02:30	temp-01	temperatura_c	2007
01/10/2025 02:30	lux-01	luminosidade_lux	0
01/10/2025 02:30	occ-01	ocupacao_bool	0
01/10/2025 02:45	lux-01	luminosidade_lux	157
01/10/2025 02:45	occ-01	ocupacao_bool	0
01/10/2025 02:45	temp-01	temperatura_c	2059
01/10/2025 03:00	lux-01	luminosidade_lux	0
01/10/2025 03:00	occ-01	ocupacao_bool	0
01/10/2025 03:00	temp-01	temperatura_c	2154
01/10/2025 03:15	lux-01	luminosidade_lux	198
01/10/2025 03:15	temp-01	temperatura_c	2117
01/10/2025 03:15	occ-01	ocupacao_bool	0
01/10/2025 03:30	temp-01	temperatura_c	2052
01/10/2025 03:30	occ-01	ocupacao_bool	0
01/10/2025 03:30	lux-01	luminosidade_lux	0
01/10/2025 03:45	temp-01	temperatura_c	2074
01/10/2025 03:45	occ-01	ocupacao_bool	0
01/10/2025 03:45	lux-01	luminosidade_lux	103
01/10/2025 04:00	temp-01	temperatura_c	2176
01/10/2025 04:00	occ-01	ocupacao_bool	0
01/10/2025 04:00	lux-01	luminosidade_lux	0
01/10/2025 04:15	temp-01	temperatura_c	2058
01/10/2025 04:15	occ-01	ocupacao_bool	0
01/10/2025 04:15	lux-01	luminosidade_lux	0
01/10/2025 04:30	temp-01	temperatura_c	2143
01/10/2025 04:30	lux-01	luminosidade_lux	3
01/10/2025 04:30	occ-01	ocupacao_bool	0
01/10/2025 04:45	lux-01	luminosidade_lux	350
01/10/2025 04:45	temp-01	temperatura_c	221
01/10/2025 04:45	occ-01	ocupacao_bool	0
01/10/2025 05:00	lux-01	luminosidade_lux	0
01/10/2025 05:00	temp-01	temperatura_c	2239
01/10/2025 05:00	occ-01	ocupacao_bool	0
01/10/2025 05:15	lux-01	luminosidade_lux	83
01/10/2025 05:15	temp-01	temperatura_c	2161
01/10/2025 05:15	occ-01	ocupacao_bool	0
01/10/2025 05:30	lux-01	luminosidade_lux	52
01/10/2025 05:30	temp-01	temperatura_c	221
01/10/2025 05:30	occ-01	ocupacao_bool	0
01/10/2025 05:45	temp-01	temperatura_c	2251
01/10/2025 05:45	occ-01	ocupacao_bool	0
01/10/2025 05:45	lux-01	luminosidade_lux	0
01/10/2025 06:00	occ-01	ocupacao_bool	0
01/10/2025 06:00	lux-01	luminosidade_lux	3582
01/10/2025 06:00	temp-01	temperatura_c	2257
01/10/2025 06:15	occ-01	ocupacao_bool	0
01/10/2025 06:15	lux-01	luminosidade_lux	3138
01/10/2025 06:15	temp-01	temperatura_c	2351
01/10/2025 06:30	occ-01	ocupacao_bool	0
01/10/2025 06:30	lux-01	luminosidade_lux	3233
01/10/2025 06:30	temp-01	temperatura_c	2285
01/10/2025 06:45	occ-01	ocupacao_bool	0
01/10/2025 06:45	lux-01	luminosidade_lux	3186
01/10/2025 06:45	temp-01	temperatura_c	2337
01/10/2025 07:00	lux-01	luminosidade_lux	3902
01/10/2025 07:00	temp-01	temperatura_c	2407
01/10/2025 07:00	occ-01	ocupacao_bool	0
01/10/2025 07:15	temp-01	temperatura_c	2355
01/10/2025 07:15	occ-01	ocupacao_bool	0
01/10/2025 07:15	lux-01	luminosidade_lux	3778
01/10/2025 07:30	temp-01	temperatura_c	2411
01/10/2025 07:30	occ-01	ocupacao_bool	0
01/10/2025 07:30	lux-01	luminosidade_lux	4072
01/10/2025 07:45	temp-01	temperatura_c	2487
01/10/2025 07:45	occ-01	ocupacao_bool	0
01/10/2025 07:45	lux-01	luminosidade_lux	3876
01/10/2025 08:00	temp-01	temperatura_c	2343
01/10/2025 08:00	occ-01	ocupacao_bool	0
01/10/2025 08:00	lux-01	luminosidade_lux	4774
01/10/2025 08:15	occ-01	ocupacao_bool	10
01/10/2025 08:15	lux-01	luminosidade_lux	4549
01/10/2025 08:15	temp-01	temperatura_c	2518
01/10/2025 08:30	lux-01	luminosidade_lux	4801
01/10/2025 08:30	temp-01	temperatura_c	2491
01/10/2025 08:30	occ-01	ocupacao_bool	10
01/10/2025 08:45	lux-01	luminosidade_lux	4649
01/10/2025 08:45	temp-01	temperatura_c	2512
01/10/2025 08:45	occ-01	ocupacao_bool	10
01/10/2025 09:00	lux-01	luminosidade_lux	5278
01/10/2025 09:00	temp-01	temperatura_c	2482
01/10/2025 09:00	occ-01	ocupacao_bool	10
01/10/2025 09:15	lux-01	luminosidade_lux	5069
01/10/2025 09:15	temp-01	temperatura_c	2391
01/10/2025 09:15	occ-01	ocupacao_bool	10
01/10/2025 09:30	lux-01	luminosidade_lux	5174
01/10/2025 09:30	occ-01	ocupacao_bool	10
01/10/2025 09:30	temp-01	temperatura_c	2508
01/10/2025 09:45	occ-01	ocupacao_bool	0
01/10/2025 09:45	lux-01	luminosidade_lux	5201
01/10/2025 09:45	temp-01	temperatura_c	244
01/10/2025 10:00	occ-01	ocupacao_bool	10
01/10/2025 10:00	lux-01	luminosidade_lux	5666
01/10/2025 10:00	temp-01	temperatura_c	2588
01/10/2025 10:15	occ-01	ocupacao_bool	0
01/10/2025 10:15	lux-01	luminosidade_lux	5796
01/10/2025 10:15	temp-01	temperatura_c	2622
01/10/2025 10:30	occ-01	ocupacao_bool	10
01/10/2025 10:30	lux-01	luminosidade_lux	5515
01/10/2025 10:30	temp-01	temperatura_c	2586
01/10/2025 10:45	lux-01	luminosidade_lux	5652
01/10/2025 10:45	temp-01	temperatura_c	257
01/10/2025 10:45	occ-01	ocupacao_bool	0
01/10/2025 11:00	temp-01	temperatura_c	2625
01/10/2025 11:00	occ-01	ocupacao_bool	10
01/10/2025 11:00	lux-01	luminosidade_lux	6228
01/10/2025 11:15	temp-01	temperatura_c	2557
01/10/2025 11:15	occ-01	ocupacao_bool	0
01/10/2025 11:15	lux-01	luminosidade_lux	5801
01/10/2025 11:30	temp-01	temperatura_c	2532
01/10/2025 11:30	occ-01	ocupacao_bool	10
01/10/2025 11:30	lux-01	luminosidade_lux	5956
01/10/2025 11:45	temp-01	temperatura_c	2541
01/10/2025 11:45	occ-01	ocupacao_bool	10
01/10/2025 11:45	lux-01	luminosidade_lux	6026
01/10/2025 12:00	occ-01	ocupacao_bool	10
01/10/2025 12:00	lux-01	luminosidade_lux	6048
01/10/2025 12:00	temp-01	temperatura_c	2509
01/10/2025 12:15	lux-01	luminosidade_lux	6162
01/10/2025 12:15	occ-01	ocupacao_bool	0
01/10/2025 12:15	temp-01	temperatura_c	2471
01/10/2025 12:30	lux-01	luminosidade_lux	5963
01/10/2025 12:30	occ-01	ocupacao_bool	10
01/10/2025 12:30	temp-01	temperatura_c	262
01/10/2025 12:45	occ-01	ocupacao_bool	0
01/10/2025 12:45	temp-01	temperatura_c	2544
01/10/2025 12:45	lux-01	luminosidade_lux	5836
01/10/2025 13:00	temp-01	temperatura_c	2629
01/10/2025 13:00	lux-01	luminosidade_lux	5982
01/10/2025 13:00	occ-01	ocupacao_bool	10
01/10/2025 13:15	temp-01	temperatura_c	2619
01/10/2025 13:15	lux-01	luminosidade_lux	6066
01/10/2025 13:15	occ-01	ocupacao_bool	10
01/10/2025 13:30	temp-01	temperatura_c	2545
01/10/2025 13:30	occ-01	ocupacao_bool	0
01/10/2025 13:30	lux-01	luminosidade_lux	5844
01/10/2025 13:45	occ-01	ocupacao_bool	0
01/10/2025 13:45	lux-01	luminosidade_lux	6004
01/10/2025 13:45	temp-01	temperatura_c	2522
01/10/2025 14:00	occ-01	ocupacao_bool	0
01/10/2025 14:00	lux-01	luminosidade_lux	5523
01/10/2025 14:00	temp-01	temperatura_c	2566
01/10/2025 14:15	occ-01	ocupacao_bool	10
01/10/2025 14:15	lux-01	luminosidade_lux	5754
01/10/2025 14:15	temp-01	temperatura_c	2614
01/10/2025 14:30	occ-01	ocupacao_bool	10
01/10/2025 14:30	lux-01	luminosidade_lux	5740
01/10/2025 14:30	temp-01	temperatura_c	2506
01/10/2025 14:45	occ-01	ocupacao_bool	0
01/10/2025 14:45	temp-01	temperatura_c	2623
01/10/2025 14:45	lux-01	luminosidade_lux	5802
01/10/2025 15:00	temp-01	temperatura_c	2575
01/10/2025 15:00	occ-01	ocupacao_bool	0
01/10/2025 15:00	lux-01	luminosidade_lux	5028
01/10/2025 15:15	temp-01	temperatura_c	257
01/10/2025 15:15	occ-01	ocupacao_bool	10
01/10/2025 15:15	lux-01	luminosidade_lux	5339
01/10/2025 15:30	temp-01	temperatura_c	2573
01/10/2025 15:30	occ-01	ocupacao_bool	10
01/10/2025 15:30	lux-01	luminosidade_lux	5254
01/10/2025 15:45	temp-01	temperatura_c	2482
01/10/2025 15:45	occ-01	ocupacao_bool	10
01/10/2025 15:45	lux-01	luminosidade_lux	5108
01/10/2025 16:00	occ-01	ocupacao_bool	0
01/10/2025 16:00	lux-01	luminosidade_lux	4895
01/10/2025 16:00	temp-01	temperatura_c	2526
01/10/2025 16:15	lux-01	luminosidade_lux	4619
01/10/2025 16:15	temp-01	temperatura_c	2424
01/10/2025 16:15	occ-01	ocupacao_bool	0
01/10/2025 16:30	lux-01	luminosidade_lux	4838
01/10/2025 16:30	temp-01	temperatura_c	2434
01/10/2025 16:30	occ-01	ocupacao_bool	10
01/10/2025 16:45	lux-01	luminosidade_lux	4749
01/10/2025 16:45	temp-01	temperatura_c	2505
01/10/2025 16:45	occ-01	ocupacao_bool	10
01/10/2025 17:00	lux-01	luminosidade_lux	3969
01/10/2025 17:00	temp-01	temperatura_c	2445
01/10/2025 17:00	occ-01	ocupacao_bool	0
01/10/2025 17:15	temp-01	temperatura_c	2416
01/10/2025 17:15	occ-01	ocupacao_bool	10
01/10/2025 17:15	lux-01	luminosidade_lux	3867
01/10/2025 17:30	occ-01	ocupacao_bool	10
01/10/2025 17:30	temp-01	temperatura_c	2298
01/10/2025 17:30	lux-01	luminosidade_lux	4049
01/10/2025 17:45	occ-01	ocupacao_bool	10
01/10/2025 17:45	temp-01	temperatura_c	236
01/10/2025 17:45	lux-01	luminosidade_lux	3656
01/10/2025 18:00	temp-01	temperatura_c	2327
01/10/2025 18:00	lux-01	luminosidade_lux	3098
01/10/2025 18:00	occ-01	ocupacao_bool	0
01/10/2025 18:15	lux-01	luminosidade_lux	3326
01/10/2025 18:15	occ-01	ocupacao_bool	0
01/10/2025 18:15	temp-01	temperatura_c	2216
01/10/2025 18:30	lux-01	luminosidade_lux	3229
01/10/2025 18:30	occ-01	ocupacao_bool	0
01/10/2025 18:30	temp-01	temperatura_c	2299
01/10/2025 18:45	lux-01	luminosidade_lux	3494
01/10/2025 18:45	temp-01	temperatura_c	2403
01/10/2025 18:45	occ-01	ocupacao_bool	0
01/10/2025 19:00	temp-01	temperatura_c	2242
01/10/2025 19:00	occ-01	ocupacao_bool	0
01/10/2025 19:00	lux-01	luminosidade_lux	0
01/10/2025 19:15	temp-01	temperatura_c	2268
01/10/2025 19:15	occ-01	ocupacao_bool	0
01/10/2025 19:15	lux-01	luminosidade_lux	0
01/10/2025 19:30	temp-01	temperatura_c	2248
01/10/2025 19:30	occ-01	ocupacao_bool	0
01/10/2025 19:30	lux-01	luminosidade_lux	268
01/10/2025 19:45	temp-01	temperatura_c	2225
01/10/2025 19:45	occ-01	ocupacao_bool	0
01/10/2025 19:45	lux-01	luminosidade_lux	0
01/10/2025 20:00	temp-01	temperatura_c	2051
01/10/2025 20:00	lux-01	luminosidade_lux	91
01/10/2025 20:00	occ-01	ocupacao_bool	0
01/10/2025 20:15	lux-01	luminosidade_lux	71
01/10/2025 20:15	temp-01	temperatura_c	2151
01/10/2025 20:15	occ-01	ocupacao_bool	0
01/10/2025 20:30	lux-01	luminosidade_lux	83
01/10/2025 20:30	temp-01	temperatura_c	2246
01/10/2025 20:30	occ-01	ocupacao_bool	0
01/10/2025 20:45	lux-01	luminosidade_lux	219
01/10/2025 20:45	temp-01	temperatura_c	2097
01/10/2025 20:45	occ-01	ocupacao_bool	0
01/10/2025 21:00	lux-01	luminosidade_lux	56
01/10/2025 21:00	temp-01	temperatura_c	2142
01/10/2025 21:00	occ-01	ocupacao_bool	0
01/10/2025 21:15	temp-01	temperatura_c	2137
01/10/2025 21:15	occ-01	ocupacao_bool	0
01/10/2025 21:15	lux-01	luminosidade_lux	0
01/10/2025 21:30	occ-01	ocupacao_bool	0
01/10/2025 21:30	lux-01	luminosidade_lux	0
01/10/2025 21:30	temp-01	temperatura_c	2072
01/10/2025 21:45	occ-01	ocupacao_bool	0
01/10/2025 21:45	lux-01	luminosidade_lux	0
01/10/2025 21:45	temp-01	temperatura_c	2056
01/10/2025 22:00	occ-01	ocupacao_bool	0
01/10/2025 22:00	lux-01	luminosidade_lux	0
01/10/2025 22:00	temp-01	temperatura_c	2093
01/10/2025 22:15	occ-01	ocupacao_bool	0
01/10/2025 22:15	lux-01	luminosidade_lux	0
01/10/2025 22:15	temp-01	temperatura_c	2047
01/10/2025 22:30	occ-01	ocupacao_bool	10
01/10/2025 22:30	temp-01	temperatura_c	2096
01/10/2025 22:30	lux-01	luminosidade_lux	0
01/10/2025 22:45	temp-01	temperatura_c	2047
01/10/2025 22:45	lux-01	luminosidade_lux	0
01/10/2025 22:45	occ-01	ocupacao_bool	0
01/10/2025 23:00	temp-01	temperatura_c	2059
01/10/2025 23:00	lux-01	luminosidade_lux	0
01/10/2025 23:00	occ-01	ocupacao_bool	0
01/10/2025 23:15	lux-01	luminosidade_lux	246
01/10/2025 23:15	occ-01	ocupacao_bool	0
01/10/2025 23:15	temp-01	temperatura_c	2073
01/10/2025 23:30	occ-01	ocupacao_bool	0
01/10/2025 23:30	temp-01	temperatura_c	2075
01/10/2025 23:30	lux-01	luminosidade_lux	0
01/10/2025 23:45	occ-01	ocupacao_bool	0
01/10/2025 23:45	temp-01	temperatura_c	1989
01/10/2025 23:45	lux-01	luminosidade_lux	0
02/10/2025 00:00	occ-01	ocupacao_bool	10
02/10/2025 00:00	lux-01	luminosidade_lux	4
02/10/2025 00:00	temp-01	temperatura_c	1955
02/10/2025 00:15	lux-01	luminosidade_lux	32
02/10/2025 00:15	temp-01	temperatura_c	2002
02/10/2025 00:15	occ-01	ocupacao_bool	0
02/10/2025 00:30	lux-01	luminosidade_lux	0
02/10/2025 00:30	temp-01	temperatura_c	1988
02/10/2025 00:30	occ-01	ocupacao_bool	0
02/10/2025 00:45	lux-01	luminosidade_lux	0
02/10/2025 00:45	temp-01	temperatura_c	1959
02/10/2025 00:45	occ-01	ocupacao_bool	0
02/10/2025 01:00	lux-01	luminosidade_lux	0
02/10/2025 01:00	temp-01	temperatura_c	2029
02/10/2025 01:00	occ-01	ocupacao_bool	0
02/10/2025 01:15	lux-01	luminosidade_lux	90
02/10/2025 01:15	occ-01	ocupacao_bool	10
02/10/2025 01:15	temp-01	temperatura_c	2107
02/10/2025 01:30	occ-01	ocupacao_bool	0
02/10/2025 01:30	lux-01	luminosidade_lux	0
02/10/2025 01:30	temp-01	temperatura_c	1996
02/10/2025 01:45	occ-01	ocupacao_bool	0
02/10/2025 01:45	lux-01	luminosidade_lux	0
02/10/2025 01:45	temp-01	temperatura_c	2021
02/10/2025 02:00	occ-01	ocupacao_bool	0
02/10/2025 02:00	lux-01	luminosidade_lux	0
02/10/2025 02:00	temp-01	temperatura_c	1981
02/10/2025 02:15	occ-01	ocupacao_bool	0
02/10/2025 02:15	lux-01	luminosidade_lux	0
02/10/2025 02:15	temp-01	temperatura_c	2034
02/10/2025 02:30	lux-01	luminosidade_lux	213
02/10/2025 02:30	temp-01	temperatura_c	2047
02/10/2025 02:30	occ-01	ocupacao_bool	0
02/10/2025 02:45	temp-01	temperatura_c	2131
02/10/2025 02:45	occ-01	ocupacao_bool	0
02/10/2025 02:45	lux-01	luminosidade_lux	27
02/10/2025 03:00	temp-01	temperatura_c	2125
02/10/2025 03:00	occ-01	ocupacao_bool	0
02/10/2025 03:00	lux-01	luminosidade_lux	46
02/10/2025 03:15	temp-01	temperatura_c	2126
02/10/2025 03:15	occ-01	ocupacao_bool	0
02/10/2025 03:15	lux-01	luminosidade_lux	44
02/10/2025 03:30	temp-01	temperatura_c	2171
02/10/2025 03:30	occ-01	ocupacao_bool	0
02/10/2025 03:30	lux-01	luminosidade_lux	0
02/10/2025 03:45	occ-01	ocupacao_bool	0
02/10/2025 03:45	lux-01	luminosidade_lux	18
02/10/2025 03:45	temp-01	temperatura_c	2147
02/10/2025 04:00	lux-01	luminosidade_lux	339
02/10/2025 04:00	occ-01	ocupacao_bool	0
02/10/2025 04:00	temp-01	temperatura_c	210
02/10/2025 04:15	lux-01	luminosidade_lux	0
02/10/2025 04:15	occ-01	ocupacao_bool	0
02/10/2025 04:15	temp-01	temperatura_c	2143
02/10/2025 04:30	occ-01	ocupacao_bool	0
02/10/2025 04:30	temp-01	temperatura_c	2203
02/10/2025 04:30	lux-01	luminosidade_lux	282
02/10/2025 04:45	temp-01	temperatura_c	2149
02/10/2025 04:45	lux-01	luminosidade_lux	173
02/10/2025 04:45	occ-01	ocupacao_bool	0
02/10/2025 05:00	temp-01	temperatura_c	2252
02/10/2025 05:00	lux-01	luminosidade_lux	0
02/10/2025 05:00	occ-01	ocupacao_bool	0
02/10/2025 05:15	temp-01	temperatura_c	2272
02/10/2025 05:15	occ-01	ocupacao_bool	0
02/10/2025 05:15	lux-01	luminosidade_lux	0
02/10/2025 05:30	occ-01	ocupacao_bool	0
02/10/2025 05:30	lux-01	luminosidade_lux	341
02/10/2025 05:30	temp-01	temperatura_c	2131
02/10/2025 05:45	occ-01	ocupacao_bool	10
02/10/2025 05:45	lux-01	luminosidade_lux	203
02/10/2025 05:45	temp-01	temperatura_c	234
02/10/2025 06:00	occ-01	ocupacao_bool	0
02/10/2025 06:00	lux-01	luminosidade_lux	3245
02/10/2025 06:00	temp-01	temperatura_c	2302
02/10/2025 06:15	occ-01	ocupacao_bool	0
02/10/2025 06:15	lux-01	luminosidade_lux	3286
02/10/2025 06:15	temp-01	temperatura_c	2409
02/10/2025 06:30	occ-01	ocupacao_bool	0
02/10/2025 06:30	temp-01	temperatura_c	2401
02/10/2025 06:30	lux-01	luminosidade_lux	3402
02/10/2025 06:45	temp-01	temperatura_c	224
02/10/2025 06:45	occ-01	ocupacao_bool	0
02/10/2025 06:45	lux-01	luminosidade_lux	3254
02/10/2025 07:00	temp-01	temperatura_c	2397
02/10/2025 07:00	occ-01	ocupacao_bool	0
02/10/2025 07:00	lux-01	luminosidade_lux	4234
02/10/2025 07:15	temp-01	temperatura_c	2465
02/10/2025 07:15	occ-01	ocupacao_bool	0
02/10/2025 07:15	lux-01	luminosidade_lux	3725
02/10/2025 07:30	temp-01	temperatura_c	2301
02/10/2025 07:30	occ-01	ocupacao_bool	0
02/10/2025 07:30	lux-01	luminosidade_lux	3820
02/10/2025 07:45	occ-01	ocupacao_bool	0
02/10/2025 07:45	lux-01	luminosidade_lux	3730
02/10/2025 07:45	temp-01	temperatura_c	2396
02/10/2025 08:00	lux-01	luminosidade_lux	4588
02/10/2025 08:00	temp-01	temperatura_c	2467
02/10/2025 08:00	occ-01	ocupacao_bool	0
02/10/2025 08:15	lux-01	luminosidade_lux	4528
02/10/2025 08:15	temp-01	temperatura_c	2441
02/10/2025 08:15	occ-01	ocupacao_bool	10
02/10/2025 08:30	lux-01	luminosidade_lux	4330
02/10/2025 08:30	temp-01	temperatura_c	2451
02/10/2025 08:30	occ-01	ocupacao_bool	0
02/10/2025 08:45	lux-01	luminosidade_lux	4516
02/10/2025 08:45	temp-01	temperatura_c	241
02/10/2025 08:45	occ-01	ocupacao_bool	0
02/10/2025 09:00	temp-01	temperatura_c	2539
02/10/2025 09:00	occ-01	ocupacao_bool	10
02/10/2025 09:00	lux-01	luminosidade_lux	4964
02/10/2025 09:15	occ-01	ocupacao_bool	10
02/10/2025 09:15	temp-01	temperatura_c	2536
02/10/2025 09:15	lux-01	luminosidade_lux	5328
02/10/2025 09:30	occ-01	ocupacao_bool	0
02/10/2025 09:30	temp-01	temperatura_c	2569
02/10/2025 09:30	lux-01	luminosidade_lux	5262
02/10/2025 09:45	temp-01	temperatura_c	2511
02/10/2025 09:45	lux-01	luminosidade_lux	5342
02/10/2025 09:45	occ-01	ocupacao_bool	10
02/10/2025 10:00	lux-01	luminosidade_lux	5738
02/10/2025 10:00	occ-01	ocupacao_bool	10
02/10/2025 10:00	temp-01	temperatura_c	2523
02/10/2025 10:15	lux-01	luminosidade_lux	5796
02/10/2025 10:15	occ-01	ocupacao_bool	10
02/10/2025 10:15	temp-01	temperatura_c	250
02/10/2025 10:30	lux-01	luminosidade_lux	5629
02/10/2025 10:30	temp-01	temperatura_c	2548
02/10/2025 10:30	occ-01	ocupacao_bool	0
02/10/2025 10:45	temp-01	temperatura_c	2542
02/10/2025 10:45	occ-01	ocupacao_bool	0
02/10/2025 10:45	lux-01	luminosidade_lux	5401
02/10/2025 11:00	temp-01	temperatura_c	2564
02/10/2025 11:00	occ-01	ocupacao_bool	0
02/10/2025 11:00	lux-01	luminosidade_lux	5877
02/10/2025 11:15	temp-01	temperatura_c	2504
02/10/2025 11:15	occ-01	ocupacao_bool	10
02/10/2025 11:15	lux-01	luminosidade_lux	6081
02/10/2025 11:30	temp-01	temperatura_c	250
02/10/2025 11:30	occ-01	ocupacao_bool	0
02/10/2025 11:30	lux-01	luminosidade_lux	6116
02/10/2025 11:45	temp-01	temperatura_c	2661
02/10/2025 11:45	lux-01	luminosidade_lux	5794
02/10/2025 11:45	occ-01	ocupacao_bool	10
02/10/2025 12:00	lux-01	luminosidade_lux	6096
02/10/2025 12:00	temp-01	temperatura_c	2666
02/10/2025 12:00	occ-01	ocupacao_bool	10
02/10/2025 12:15	lux-01	luminosidade_lux	5867
02/10/2025 12:15	temp-01	temperatura_c	2632
02/10/2025 12:15	occ-01	ocupacao_bool	10
02/10/2025 12:30	lux-01	luminosidade_lux	6310
02/10/2025 12:30	temp-01	temperatura_c	2554
02/10/2025 12:30	occ-01	ocupacao_bool	0
02/10/2025 12:45	lux-01	luminosidade_lux	6014
02/10/2025 12:45	temp-01	temperatura_c	2584
02/10/2025 12:45	occ-01	ocupacao_bool	10
02/10/2025 13:00	temp-01	temperatura_c	2625
02/10/2025 13:00	occ-01	ocupacao_bool	10
02/10/2025 13:00	lux-01	luminosidade_lux	5881
02/10/2025 13:15	occ-01	ocupacao_bool	10
02/10/2025 13:15	lux-01	luminosidade_lux	6004
02/10/2025 13:15	temp-01	temperatura_c	2511
02/10/2025 13:30	occ-01	ocupacao_bool	10
02/10/2025 13:30	lux-01	luminosidade_lux	5905
02/10/2025 13:30	temp-01	temperatura_c	2626
02/10/2025 13:45	occ-01	ocupacao_bool	10
02/10/2025 13:45	lux-01	luminosidade_lux	6045
02/10/2025 13:45	temp-01	temperatura_c	2566
02/10/2025 14:00	occ-01	ocupacao_bool	0
02/10/2025 14:00	lux-01	luminosidade_lux	5348
02/10/2025 14:00	temp-01	temperatura_c	2526
02/10/2025 14:15	lux-01	luminosidade_lux	5612
02/10/2025 14:15	temp-01	temperatura_c	2512
02/10/2025 14:15	occ-01	ocupacao_bool	10
02/10/2025 14:30	temp-01	temperatura_c	2589
02/10/2025 14:30	lux-01	luminosidade_lux	5868
02/10/2025 14:30	occ-01	ocupacao_bool	10
02/10/2025 14:45	temp-01	temperatura_c	2431
02/10/2025 14:45	lux-01	luminosidade_lux	5596
02/10/2025 14:45	occ-01	ocupacao_bool	0
02/10/2025 15:00	lux-01	luminosidade_lux	5257
02/10/2025 15:00	occ-01	ocupacao_bool	10
02/10/2025 15:00	temp-01	temperatura_c	2503
02/10/2025 15:15	occ-01	ocupacao_bool	10
02/10/2025 15:15	temp-01	temperatura_c	2545
02/10/2025 15:15	lux-01	luminosidade_lux	5258
02/10/2025 15:30	occ-01	ocupacao_bool	10
02/10/2025 15:30	temp-01	temperatura_c	2497
02/10/2025 15:30	lux-01	luminosidade_lux	5224
02/10/2025 15:45	occ-01	ocupacao_bool	10
02/10/2025 15:45	lux-01	luminosidade_lux	4966
02/10/2025 15:45	temp-01	temperatura_c	2503
02/10/2025 16:00	lux-01	luminosidade_lux	4641
02/10/2025 16:00	temp-01	temperatura_c	2386
02/10/2025 16:00	occ-01	ocupacao_bool	0
02/10/2025 16:15	lux-01	luminosidade_lux	4527
02/10/2025 16:15	temp-01	temperatura_c	2483
02/10/2025 16:15	occ-01	ocupacao_bool	0
02/10/2025 16:30	lux-01	luminosidade_lux	4487
02/10/2025 16:30	temp-01	temperatura_c	2473
02/10/2025 16:30	occ-01	ocupacao_bool	10
02/10/2025 16:45	lux-01	luminosidade_lux	4443
02/10/2025 16:45	temp-01	temperatura_c	2485
02/10/2025 16:45	occ-01	ocupacao_bool	10
02/10/2025 17:00	lux-01	luminosidade_lux	4047
02/10/2025 17:00	occ-01	ocupacao_bool	10
02/10/2025 17:00	temp-01	temperatura_c	2439
02/10/2025 17:15	occ-01	ocupacao_bool	10
02/10/2025 17:15	lux-01	luminosidade_lux	4025
02/10/2025 17:15	temp-01	temperatura_c	2356
02/10/2025 17:30	occ-01	ocupacao_bool	10
02/10/2025 17:30	lux-01	luminosidade_lux	3672
02/10/2025 17:30	temp-01	temperatura_c	2249
02/10/2025 17:45	occ-01	ocupacao_bool	0
02/10/2025 17:45	lux-01	luminosidade_lux	3958
02/10/2025 17:45	temp-01	temperatura_c	2374
02/10/2025 18:00	occ-01	ocupacao_bool	0
02/10/2025 18:00	lux-01	luminosidade_lux	3454
02/10/2025 18:00	temp-01	temperatura_c	237
02/10/2025 18:15	lux-01	luminosidade_lux	3390
02/10/2025 18:15	temp-01	temperatura_c	2473
02/10/2025 18:15	occ-01	ocupacao_bool	0
02/10/2025 18:30	temp-01	temperatura_c	2226
02/10/2025 18:30	occ-01	ocupacao_bool	0
02/10/2025 18:30	lux-01	luminosidade_lux	3188
02/10/2025 18:45	temp-01	temperatura_c	2277
02/10/2025 18:45	occ-01	ocupacao_bool	0
02/10/2025 18:45	lux-01	luminosidade_lux	3266
02/10/2025 19:00	temp-01	temperatura_c	2198
02/10/2025 19:00	occ-01	ocupacao_bool	0
02/10/2025 19:00	lux-01	luminosidade_lux	0
02/10/2025 19:15	temp-01	temperatura_c	2171
02/10/2025 19:15	occ-01	ocupacao_bool	0
02/10/2025 19:15	lux-01	luminosidade_lux	132
02/10/2025 19:30	temp-01	temperatura_c	2153
02/10/2025 19:30	lux-01	luminosidade_lux	251
02/10/2025 19:30	occ-01	ocupacao_bool	0
02/10/2025 19:45	lux-01	luminosidade_lux	0
02/10/2025 19:45	occ-01	ocupacao_bool	0
02/10/2025 19:45	temp-01	temperatura_c	2214
02/10/2025 20:00	lux-01	luminosidade_lux	0
02/10/2025 20:00	occ-01	ocupacao_bool	0
02/10/2025 20:00	temp-01	temperatura_c	2151
02/10/2025 20:15	occ-01	ocupacao_bool	0
02/10/2025 20:15	temp-01	temperatura_c	2134
02/10/2025 20:15	lux-01	luminosidade_lux	66
02/10/2025 20:30	temp-01	temperatura_c	2161
02/10/2025 20:30	lux-01	luminosidade_lux	0
02/10/2025 20:30	occ-01	ocupacao_bool	0
02/10/2025 20:45	temp-01	temperatura_c	2204
02/10/2025 20:45	lux-01	luminosidade_lux	6
02/10/2025 20:45	occ-01	ocupacao_bool	0
02/10/2025 21:00	temp-01	temperatura_c	2108
02/10/2025 21:00	occ-01	ocupacao_bool	0
02/10/2025 21:00	lux-01	luminosidade_lux	229
02/10/2025 21:15	occ-01	ocupacao_bool	0
02/10/2025 21:15	lux-01	luminosidade_lux	33
02/10/2025 21:15	temp-01	temperatura_c	2206
02/10/2025 21:30	occ-01	ocupacao_bool	0
02/10/2025 21:30	lux-01	luminosidade_lux	0
02/10/2025 21:30	temp-01	temperatura_c	2176
02/10/2025 21:45	occ-01	ocupacao_bool	0
02/10/2025 21:45	lux-01	luminosidade_lux	186
02/10/2025 21:45	temp-01	temperatura_c	1977
02/10/2025 22:00	occ-01	ocupacao_bool	0
02/10/2025 22:00	lux-01	luminosidade_lux	0
02/10/2025 22:00	temp-01	temperatura_c	2052
02/10/2025 22:15	occ-01	ocupacao_bool	0
02/10/2025 22:15	temp-01	temperatura_c	2066
02/10/2025 22:15	lux-01	luminosidade_lux	85
02/10/2025 22:30	temp-01	temperatura_c	2057
02/10/2025 22:30	occ-01	ocupacao_bool	0
02/10/2025 22:30	lux-01	luminosidade_lux	120
02/10/2025 22:45	temp-01	temperatura_c	2055
02/10/2025 22:45	occ-01	ocupacao_bool	0
02/10/2025 22:45	lux-01	luminosidade_lux	107
02/10/2025 23:00	temp-01	temperatura_c	2098
02/10/2025 23:00	occ-01	ocupacao_bool	10
02/10/2025 23:00	lux-01	luminosidade_lux	153
02/10/2025 23:15	temp-01	temperatura_c	1996
02/10/2025 23:15	occ-01	ocupacao_bool	0
02/10/2025 23:15	lux-01	luminosidade_lux	156
02/10/2025 23:30	occ-01	ocupacao_bool	0
02/10/2025 23:30	lux-01	luminosidade_lux	52
02/10/2025 23:30	temp-01	temperatura_c	1924
02/10/2025 23:45	lux-01	luminosidade_lux	78
02/10/2025 23:45	temp-01	temperatura_c	1904
02/10/2025 23:45	occ-01	ocupacao_bool	0
03/10/2025 00:00	lux-01	luminosidade_lux	321
03/10/2025 00:00	temp-01	temperatura_c	1975
03/10/2025 00:00	occ-01	ocupacao_bool	0
03/10/2025 00:15	lux-01	luminosidade_lux	0
03/10/2025 00:15	temp-01	temperatura_c	2055
03/10/2025 00:15	occ-01	ocupacao_bool	0
03/10/2025 00:30	lux-01	luminosidade_lux	42
03/10/2025 00:30	temp-01	temperatura_c	1989
03/10/2025 00:30	occ-01	ocupacao_bool	0
03/10/2025 00:45	temp-01	temperatura_c	1993
03/10/2025 00:45	occ-01	ocupacao_bool	0
03/10/2025 00:45	lux-01	luminosidade_lux	0
03/10/2025 01:00	occ-01	ocupacao_bool	0
03/10/2025 01:00	temp-01	temperatura_c	2069
03/10/2025 01:00	lux-01	luminosidade_lux	124
03/10/2025 01:15	occ-01	ocupacao_bool	0
03/10/2025 01:15	temp-01	temperatura_c	2021
03/10/2025 01:15	lux-01	luminosidade_lux	60
03/10/2025 01:30	temp-01	temperatura_c	2045
03/10/2025 01:30	lux-01	luminosidade_lux	0
03/10/2025 01:30	occ-01	ocupacao_bool	0
03/10/2025 01:45	lux-01	luminosidade_lux	0
03/10/2025 01:45	occ-01	ocupacao_bool	0
03/10/2025 01:45	temp-01	temperatura_c	1978
03/10/2025 02:00	lux-01	luminosidade_lux	0
03/10/2025 02:00	occ-01	ocupacao_bool	0
03/10/2025 02:00	temp-01	temperatura_c	2033
03/10/2025 02:15	lux-01	luminosidade_lux	0
03/10/2025 02:15	temp-01	temperatura_c	2052
03/10/2025 02:15	occ-01	ocupacao_bool	0
03/10/2025 02:30	temp-01	temperatura_c	2099
03/10/2025 02:30	occ-01	ocupacao_bool	0
03/10/2025 02:30	lux-01	luminosidade_lux	193
03/10/2025 02:45	temp-01	temperatura_c	2155
03/10/2025 02:45	occ-01	ocupacao_bool	0
03/10/2025 02:45	lux-01	luminosidade_lux	0
03/10/2025 03:00	temp-01	temperatura_c	2058
03/10/2025 03:00	occ-01	ocupacao_bool	0
03/10/2025 03:00	lux-01	luminosidade_lux	46
03/10/2025 03:15	temp-01	temperatura_c	2071
03/10/2025 03:15	occ-01	ocupacao_bool	0
03/10/2025 03:15	lux-01	luminosidade_lux	171
03/10/2025 03:30	temp-01	temperatura_c	2066
03/10/2025 03:30	lux-01	luminosidade_lux	15
03/10/2025 03:30	occ-01	ocupacao_bool	0
03/10/2025 03:45	lux-01	luminosidade_lux	0
03/10/2025 03:45	temp-01	temperatura_c	2095
03/10/2025 03:45	occ-01	ocupacao_bool	0
03/10/2025 04:00	lux-01	luminosidade_lux	0
03/10/2025 04:00	temp-01	temperatura_c	2218
03/10/2025 04:00	occ-01	ocupacao_bool	0
03/10/2025 04:15	lux-01	luminosidade_lux	0
03/10/2025 04:15	temp-01	temperatura_c	215
03/10/2025 04:15	occ-01	ocupacao_bool	0
03/10/2025 04:30	lux-01	luminosidade_lux	29
03/10/2025 04:30	temp-01	temperatura_c	2224
03/10/2025 04:30	occ-01	ocupacao_bool	10
03/10/2025 04:45	temp-01	temperatura_c	2224
03/10/2025 04:45	occ-01	ocupacao_bool	0
03/10/2025 04:45	lux-01	luminosidade_lux	0
03/10/2025 05:00	occ-01	ocupacao_bool	0
03/10/2025 05:00	lux-01	luminosidade_lux	181
03/10/2025 05:00	temp-01	temperatura_c	214
03/10/2025 05:15	occ-01	ocupacao_bool	0
03/10/2025 05:15	lux-01	luminosidade_lux	398
03/10/2025 05:15	temp-01	temperatura_c	2135
03/10/2025 05:30	occ-01	ocupacao_bool	0
03/10/2025 05:30	lux-01	luminosidade_lux	4
03/10/2025 05:30	temp-01	temperatura_c	2252
03/10/2025 05:45	occ-01	ocupacao_bool	0
03/10/2025 05:45	lux-01	luminosidade_lux	95
03/10/2025 05:45	temp-01	temperatura_c	2194
03/10/2025 06:00	occ-01	ocupacao_bool	0
03/10/2025 06:00	temp-01	temperatura_c	2277
03/10/2025 06:00	lux-01	luminosidade_lux	3043
03/10/2025 06:15	temp-01	temperatura_c	2252
03/10/2025 06:15	lux-01	luminosidade_lux	3416
03/10/2025 06:15	occ-01	ocupacao_bool	0
03/10/2025 06:30	temp-01	temperatura_c	2295
03/10/2025 06:30	lux-01	luminosidade_lux	3393
03/10/2025 06:30	occ-01	ocupacao_bool	0
03/10/2025 06:45	lux-01	luminosidade_lux	2959
03/10/2025 06:45	occ-01	ocupacao_bool	0
03/10/2025 06:45	temp-01	temperatura_c	2383
03/10/2025 07:00	occ-01	ocupacao_bool	0
03/10/2025 07:00	temp-01	temperatura_c	2397
03/10/2025 07:00	lux-01	luminosidade_lux	3912
03/10/2025 07:15	occ-01	ocupacao_bool	10
03/10/2025 07:15	temp-01	temperatura_c	2441
03/10/2025 07:15	lux-01	luminosidade_lux	3807
03/10/2025 07:30	occ-01	ocupacao_bool	0
03/10/2025 07:30	lux-01	luminosidade_lux	3882
03/10/2025 07:30	temp-01	temperatura_c	2426
03/10/2025 07:45	lux-01	luminosidade_lux	3983
03/10/2025 07:45	temp-01	temperatura_c	238
03/10/2025 07:45	occ-01	ocupacao_bool	0
03/10/2025 08:00	lux-01	luminosidade_lux	4546
03/10/2025 08:00	temp-01	temperatura_c	2396
03/10/2025 08:00	occ-01	ocupacao_bool	10
03/10/2025 08:15	lux-01	luminosidade_lux	4406
03/10/2025 08:15	temp-01	temperatura_c	244
03/10/2025 08:15	occ-01	ocupacao_bool	10
03/10/2025 08:30	lux-01	luminosidade_lux	4786
03/10/2025 08:30	temp-01	temperatura_c	2438
03/10/2025 08:30	occ-01	ocupacao_bool	10
03/10/2025 08:45	lux-01	luminosidade_lux	4535
03/10/2025 08:45	occ-01	ocupacao_bool	10
03/10/2025 08:45	temp-01	temperatura_c	2494
03/10/2025 09:00	occ-01	ocupacao_bool	10
03/10/2025 09:00	lux-01	luminosidade_lux	5045
03/10/2025 09:00	temp-01	temperatura_c	2539
03/10/2025 09:15	occ-01	ocupacao_bool	10
03/10/2025 09:15	lux-01	luminosidade_lux	5203
03/10/2025 09:15	temp-01	temperatura_c	2365
03/10/2025 09:30	occ-01	ocupacao_bool	10
03/10/2025 09:30	lux-01	luminosidade_lux	5237
03/10/2025 09:30	temp-01	temperatura_c	2564
03/10/2025 09:45	occ-01	ocupacao_bool	10
03/10/2025 09:45	lux-01	luminosidade_lux	5031
03/10/2025 09:45	temp-01	temperatura_c	2455
03/10/2025 10:00	lux-01	luminosidade_lux	5674
03/10/2025 10:00	temp-01	temperatura_c	2528
03/10/2025 10:00	occ-01	ocupacao_bool	10
03/10/2025 10:15	temp-01	temperatura_c	2521
03/10/2025 10:15	occ-01	ocupacao_bool	0
03/10/2025 10:15	lux-01	luminosidade_lux	5609
03/10/2025 10:30	temp-01	temperatura_c	258
03/10/2025 10:30	occ-01	ocupacao_bool	10
03/10/2025 10:30	lux-01	luminosidade_lux	5634
03/10/2025 10:45	temp-01	temperatura_c	2687
03/10/2025 10:45	occ-01	ocupacao_bool	10
03/10/2025 10:45	lux-01	luminosidade_lux	5604
03/10/2025 11:00	temp-01	temperatura_c	2614
03/10/2025 11:00	occ-01	ocupacao_bool	10
03/10/2025 11:00	lux-01	luminosidade_lux	5740
03/10/2025 11:15	occ-01	ocupacao_bool	0
03/10/2025 11:15	lux-01	luminosidade_lux	5940
03/10/2025 11:15	temp-01	temperatura_c	2493
03/10/2025 11:30	lux-01	luminosidade_lux	5864
03/10/2025 11:30	occ-01	ocupacao_bool	10
03/10/2025 11:30	temp-01	temperatura_c	2616
03/10/2025 11:45	lux-01	luminosidade_lux	6089
03/10/2025 11:45	occ-01	ocupacao_bool	0
03/10/2025 11:45	temp-01	temperatura_c	254
03/10/2025 12:00	occ-01	ocupacao_bool	10
03/10/2025 12:00	temp-01	temperatura_c	262
03/10/2025 12:00	lux-01	luminosidade_lux	6009
03/10/2025 12:15	temp-01	temperatura_c	2498
03/10/2025 12:15	lux-01	luminosidade_lux	6170
03/10/2025 12:15	occ-01	ocupacao_bool	0
03/10/2025 12:30	temp-01	temperatura_c	2546
03/10/2025 12:30	lux-01	luminosidade_lux	5882
03/10/2025 12:30	occ-01	ocupacao_bool	10
03/10/2025 12:45	temp-01	temperatura_c	2558
03/10/2025 12:45	occ-01	ocupacao_bool	10
03/10/2025 12:45	lux-01	luminosidade_lux	5802
03/10/2025 13:00	occ-01	ocupacao_bool	10
03/10/2025 13:00	lux-01	luminosidade_lux	6159
03/10/2025 13:00	temp-01	temperatura_c	2607
03/10/2025 13:15	occ-01	ocupacao_bool	0
03/10/2025 13:15	lux-01	luminosidade_lux	6247
03/10/2025 13:15	temp-01	temperatura_c	2623
03/10/2025 13:30	occ-01	ocupacao_bool	10
03/10/2025 13:30	lux-01	luminosidade_lux	5781
03/10/2025 13:30	temp-01	temperatura_c	261
03/10/2025 13:45	occ-01	ocupacao_bool	10
03/10/2025 13:45	lux-01	luminosidade_lux	5983
03/10/2025 13:45	temp-01	temperatura_c	2595
03/10/2025 14:00	occ-01	ocupacao_bool	10
03/10/2025 14:00	temp-01	temperatura_c	2551
03/10/2025 14:00	lux-01	luminosidade_lux	5515
03/10/2025 14:15	temp-01	temperatura_c	263
03/10/2025 14:15	occ-01	ocupacao_bool	0
03/10/2025 14:15	lux-01	luminosidade_lux	5481
03/10/2025 14:30	temp-01	temperatura_c	2505
03/10/2025 14:30	occ-01	ocupacao_bool	0
03/10/2025 14:30	lux-01	luminosidade_lux	5453
03/10/2025 14:45	temp-01	temperatura_c	2536
03/10/2025 14:45	occ-01	ocupacao_bool	0
03/10/2025 14:45	lux-01	luminosidade_lux	5650
03/10/2025 15:00	temp-01	temperatura_c	2465
03/10/2025 15:00	occ-01	ocupacao_bool	10
03/10/2025 15:00	lux-01	luminosidade_lux	5050
03/10/2025 15:15	occ-01	ocupacao_bool	10
03/10/2025 15:15	lux-01	luminosidade_lux	5117
03/10/2025 15:15	temp-01	temperatura_c	2651
03/10/2025 15:30	lux-01	luminosidade_lux	5095
03/10/2025 15:30	temp-01	temperatura_c	245
03/10/2025 15:30	occ-01	ocupacao_bool	0
03/10/2025 15:45	lux-01	luminosidade_lux	4982
03/10/2025 15:45	temp-01	temperatura_c	2508
03/10/2025 15:45	occ-01	ocupacao_bool	0
03/10/2025 16:00	lux-01	luminosidade_lux	4377
03/10/2025 16:00	temp-01	temperatura_c	241
03/10/2025 16:00	occ-01	ocupacao_bool	10
03/10/2025 16:15	lux-01	luminosidade_lux	4624
03/10/2025 16:15	temp-01	temperatura_c	2549
03/10/2025 16:15	occ-01	ocupacao_bool	10
03/10/2025 16:30	lux-01	luminosidade_lux	4410
03/10/2025 16:30	occ-01	ocupacao_bool	0
03/10/2025 16:30	temp-01	temperatura_c	2492
03/10/2025 16:45	occ-01	ocupacao_bool	10
03/10/2025 16:45	temp-01	temperatura_c	2399
03/10/2025 16:45	lux-01	luminosidade_lux	4715
03/10/2025 17:00	occ-01	ocupacao_bool	10
03/10/2025 17:00	temp-01	temperatura_c	2277
03/10/2025 17:00	lux-01	luminosidade_lux	3933
03/10/2025 17:15	temp-01	temperatura_c	2312
03/10/2025 17:15	lux-01	luminosidade_lux	4107
03/10/2025 17:15	occ-01	ocupacao_bool	10
03/10/2025 17:30	lux-01	luminosidade_lux	3882
03/10/2025 17:30	occ-01	ocupacao_bool	10
03/10/2025 17:30	temp-01	temperatura_c	2331
03/10/2025 17:45	lux-01	luminosidade_lux	3662
03/10/2025 17:45	occ-01	ocupacao_bool	10
03/10/2025 17:45	temp-01	temperatura_c	2318
03/10/2025 18:00	lux-01	luminosidade_lux	2990
03/10/2025 18:00	temp-01	temperatura_c	2308
03/10/2025 18:00	occ-01	ocupacao_bool	0
03/10/2025 18:15	temp-01	temperatura_c	2334
03/10/2025 18:15	occ-01	ocupacao_bool	0
03/10/2025 18:15	lux-01	luminosidade_lux	3251
03/10/2025 18:30	temp-01	temperatura_c	2225
03/10/2025 18:30	occ-01	ocupacao_bool	0
03/10/2025 18:30	lux-01	luminosidade_lux	3314
03/10/2025 18:45	temp-01	temperatura_c	2268
03/10/2025 18:45	occ-01	ocupacao_bool	0
03/10/2025 18:45	lux-01	luminosidade_lux	3102
03/10/2025 19:00	temp-01	temperatura_c	2265
03/10/2025 19:00	occ-01	ocupacao_bool	0
03/10/2025 19:00	lux-01	luminosidade_lux	104
03/10/2025 19:15	temp-01	temperatura_c	2152
03/10/2025 19:15	lux-01	luminosidade_lux	127
03/10/2025 19:15	occ-01	ocupacao_bool	0
03/10/2025 19:30	lux-01	luminosidade_lux	0
03/10/2025 19:30	temp-01	temperatura_c	2168
03/10/2025 19:30	occ-01	ocupacao_bool	0
03/10/2025 19:45	lux-01	luminosidade_lux	289
03/10/2025 19:45	temp-01	temperatura_c	2201
03/10/2025 19:45	occ-01	ocupacao_bool	0
03/10/2025 20:00	lux-01	luminosidade_lux	0
03/10/2025 20:00	temp-01	temperatura_c	2246
03/10/2025 20:00	occ-01	ocupacao_bool	0
03/10/2025 20:15	lux-01	luminosidade_lux	0
03/10/2025 20:15	temp-01	temperatura_c	2159
03/10/2025 20:15	occ-01	ocupacao_bool	0
03/10/2025 20:30	temp-01	temperatura_c	2148
03/10/2025 20:30	occ-01	ocupacao_bool	0
03/10/2025 20:30	lux-01	luminosidade_lux	0
03/10/2025 20:45	occ-01	ocupacao_bool	0
03/10/2025 20:45	lux-01	luminosidade_lux	49
03/10/2025 20:45	temp-01	temperatura_c	2171
03/10/2025 21:00	occ-01	ocupacao_bool	0
03/10/2025 21:00	lux-01	luminosidade_lux	35
03/10/2025 21:00	temp-01	temperatura_c	1996
03/10/2025 21:15	occ-01	ocupacao_bool	0
03/10/2025 21:15	lux-01	luminosidade_lux	0
03/10/2025 21:15	temp-01	temperatura_c	2084
03/10/2025 21:30	occ-01	ocupacao_bool	0
03/10/2025 21:30	lux-01	luminosidade_lux	153
03/10/2025 21:30	temp-01	temperatura_c	1966
03/10/2025 21:45	lux-01	luminosidade_lux	146
03/10/2025 21:45	temp-01	temperatura_c	2075
03/10/2025 21:45	occ-01	ocupacao_bool	0
03/10/2025 22:00	temp-01	temperatura_c	2003
03/10/2025 22:00	lux-01	luminosidade_lux	95
03/10/2025 22:00	occ-01	ocupacao_bool	0
03/10/2025 22:15	temp-01	temperatura_c	2087
03/10/2025 22:15	lux-01	luminosidade_lux	0
03/10/2025 22:15	occ-01	ocupacao_bool	0
03/10/2025 22:30	lux-01	luminosidade_lux	0
03/10/2025 22:30	occ-01	ocupacao_bool	0
03/10/2025 22:30	temp-01	temperatura_c	2004
03/10/2025 22:45	occ-01	ocupacao_bool	0
03/10/2025 22:45	temp-01	temperatura_c	2023
03/10/2025 22:45	lux-01	luminosidade_lux	0
03/10/2025 23:00	occ-01	ocupacao_bool	0
03/10/2025 23:00	temp-01	temperatura_c	1999
03/10/2025 23:00	lux-01	luminosidade_lux	121
03/10/2025 23:15	occ-01	ocupacao_bool	0
03/10/2025 23:15	lux-01	luminosidade_lux	0
03/10/2025 23:15	temp-01	temperatura_c	2075
03/10/2025 23:30	lux-01	luminosidade_lux	0
03/10/2025 23:30	temp-01	temperatura_c	1918
03/10/2025 23:30	occ-01	ocupacao_bool	0
03/10/2025 23:45	lux-01	luminosidade_lux	0
03/10/2025 23:45	temp-01	temperatura_c	1967
03/10/2025 23:45	occ-01	ocupacao_bool	0
04/10/2025 00:00	lux-01	luminosidade_lux	43
04/10/2025 00:00	temp-01	temperatura_c	2018
04/10/2025 00:00	occ-01	ocupacao_bool	0
04/10/2025 00:15	lux-01	luminosidade_lux	0
04/10/2025 00:15	temp-01	temperatura_c	1969
04/10/2025 00:15	occ-01	ocupacao_bool	10
04/10/2025 00:30	lux-01	luminosidade_lux	0
04/10/2025 00:30	occ-01	ocupacao_bool	10
04/10/2025 00:30	temp-01	temperatura_c	2112
04/10/2025 00:45	occ-01	ocupacao_bool	0
04/10/2025 00:45	lux-01	luminosidade_lux	23
04/10/2025 00:45	temp-01	temperatura_c	2019
04/10/2025 01:00	occ-01	ocupacao_bool	0
04/10/2025 01:00	lux-01	luminosidade_lux	14
04/10/2025 01:00	temp-01	temperatura_c	2068
04/10/2025 01:15	occ-01	ocupacao_bool	0
04/10/2025 01:15	lux-01	luminosidade_lux	126
04/10/2025 01:15	temp-01	temperatura_c	1945
04/10/2025 01:30	occ-01	ocupacao_bool	0
04/10/2025 01:30	lux-01	luminosidade_lux	129
04/10/2025 01:30	temp-01	temperatura_c	2071
04/10/2025 01:45	lux-01	luminosidade_lux	0
04/10/2025 01:45	temp-01	temperatura_c	2105
04/10/2025 01:45	occ-01	ocupacao_bool	10
04/10/2025 02:00	temp-01	temperatura_c	2082
04/10/2025 02:00	occ-01	ocupacao_bool	0
04/10/2025 02:00	lux-01	luminosidade_lux	0
04/10/2025 02:15	temp-01	temperatura_c	2024
04/10/2025 02:15	occ-01	ocupacao_bool	0
04/10/2025 02:15	lux-01	luminosidade_lux	0
04/10/2025 02:30	temp-01	temperatura_c	2073
04/10/2025 02:30	occ-01	ocupacao_bool	0
04/10/2025 02:30	lux-01	luminosidade_lux	80
04/10/2025 02:45	temp-01	temperatura_c	2059
04/10/2025 02:45	occ-01	ocupacao_bool	0
04/10/2025 02:45	lux-01	luminosidade_lux	16
04/10/2025 03:00	occ-01	ocupacao_bool	0
04/10/2025 03:00	lux-01	luminosidade_lux	0
04/10/2025 03:00	temp-01	temperatura_c	2173
04/10/2025 03:15	lux-01	luminosidade_lux	149
04/10/2025 03:15	occ-01	ocupacao_bool	0
04/10/2025 03:15	temp-01	temperatura_c	2088
04/10/2025 03:30	lux-01	luminosidade_lux	75
04/10/2025 03:30	occ-01	ocupacao_bool	0
04/10/2025 03:30	temp-01	temperatura_c	2205
04/10/2025 03:45	occ-01	ocupacao_bool	0
04/10/2025 03:45	temp-01	temperatura_c	2044
04/10/2025 03:45	lux-01	luminosidade_lux	5
04/10/2025 04:00	temp-01	temperatura_c	2161
04/10/2025 04:00	lux-01	luminosidade_lux	0
04/10/2025 04:00	occ-01	ocupacao_bool	0
04/10/2025 04:15	temp-01	temperatura_c	2122
04/10/2025 04:15	lux-01	luminosidade_lux	0
04/10/2025 04:15	occ-01	ocupacao_bool	0
04/10/2025 04:30	temp-01	temperatura_c	2249
04/10/2025 04:30	occ-01	ocupacao_bool	10
04/10/2025 04:30	lux-01	luminosidade_lux	91
04/10/2025 04:45	occ-01	ocupacao_bool	10
04/10/2025 04:45	lux-01	luminosidade_lux	32
04/10/2025 04:45	temp-01	temperatura_c	218
04/10/2025 05:00	occ-01	ocupacao_bool	0
04/10/2025 05:00	lux-01	luminosidade_lux	4
04/10/2025 05:00	temp-01	temperatura_c	2301
04/10/2025 05:15	occ-01	ocupacao_bool	0
04/10/2025 05:15	lux-01	luminosidade_lux	0
04/10/2025 05:15	temp-01	temperatura_c	2211
04/10/2025 05:30	occ-01	ocupacao_bool	0
04/10/2025 05:30	lux-01	luminosidade_lux	202
04/10/2025 05:30	temp-01	temperatura_c	217
04/10/2025 05:45	occ-01	ocupacao_bool	0
04/10/2025 05:45	temp-01	temperatura_c	2202
04/10/2025 05:45	lux-01	luminosidade_lux	0
04/10/2025 06:00	temp-01	temperatura_c	2371
04/10/2025 06:00	occ-01	ocupacao_bool	0
04/10/2025 06:00	lux-01	luminosidade_lux	3185
04/10/2025 06:15	temp-01	temperatura_c	233
04/10/2025 06:15	occ-01	ocupacao_bool	0
04/10/2025 06:15	lux-01	luminosidade_lux	3379
04/10/2025 06:30	temp-01	temperatura_c	2323
04/10/2025 06:30	occ-01	ocupacao_bool	0
04/10/2025 06:30	lux-01	luminosidade_lux	3199
04/10/2025 06:45	temp-01	temperatura_c	2287
04/10/2025 06:45	occ-01	ocupacao_bool	0
04/10/2025 06:45	lux-01	luminosidade_lux	3459
04/10/2025 07:00	occ-01	ocupacao_bool	0
04/10/2025 07:00	lux-01	luminosidade_lux	3978
04/10/2025 07:00	temp-01	temperatura_c	2358
04/10/2025 07:15	lux-01	luminosidade_lux	3919
04/10/2025 07:15	temp-01	temperatura_c	2519
04/10/2025 07:15	occ-01	ocupacao_bool	10
04/10/2025 07:30	lux-01	luminosidade_lux	3863
04/10/2025 07:30	temp-01	temperatura_c	2327
04/10/2025 07:30	occ-01	ocupacao_bool	0
04/10/2025 07:45	lux-01	luminosidade_lux	3897
04/10/2025 07:45	temp-01	temperatura_c	2399
04/10/2025 07:45	occ-01	ocupacao_bool	0
04/10/2025 08:00	lux-01	luminosidade_lux	4556
04/10/2025 08:00	temp-01	temperatura_c	250
04/10/2025 08:00	occ-01	ocupacao_bool	0
04/10/2025 08:15	temp-01	temperatura_c	2348
04/10/2025 08:15	occ-01	ocupacao_bool	0
04/10/2025 08:15	lux-01	luminosidade_lux	4750
04/10/2025 08:30	occ-01	ocupacao_bool	0
04/10/2025 08:30	temp-01	temperatura_c	2367
04/10/2025 08:30	lux-01	luminosidade_lux	4691
04/10/2025 08:45	occ-01	ocupacao_bool	0
04/10/2025 08:45	temp-01	temperatura_c	2438
04/10/2025 08:45	lux-01	luminosidade_lux	4374
04/10/2025 09:00	temp-01	temperatura_c	2617
04/10/2025 09:00	lux-01	luminosidade_lux	5180
04/10/2025 09:00	occ-01	ocupacao_bool	0
04/10/2025 09:15	lux-01	luminosidade_lux	5177
04/10/2025 09:15	occ-01	ocupacao_bool	0
04/10/2025 09:15	temp-01	temperatura_c	2412
04/10/2025 09:30	lux-01	luminosidade_lux	5318
04/10/2025 09:30	occ-01	ocupacao_bool	0
04/10/2025 09:30	temp-01	temperatura_c	2479
04/10/2025 09:45	lux-01	luminosidade_lux	5134
04/10/2025 09:45	temp-01	temperatura_c	2405
04/10/2025 09:45	occ-01	ocupacao_bool	0
04/10/2025 10:00	temp-01	temperatura_c	2547
04/10/2025 10:00	occ-01	ocupacao_bool	10
04/10/2025 10:00	lux-01	luminosidade_lux	5718
04/10/2025 10:15	temp-01	temperatura_c	2511
04/10/2025 10:15	occ-01	ocupacao_bool	0
04/10/2025 10:15	lux-01	luminosidade_lux	5527
04/10/2025 10:30	temp-01	temperatura_c	267
04/10/2025 10:30	occ-01	ocupacao_bool	0
04/10/2025 10:30	lux-01	luminosidade_lux	5631
04/10/2025 10:45	temp-01	temperatura_c	2418
04/10/2025 10:45	occ-01	ocupacao_bool	0
04/10/2025 10:45	lux-01	luminosidade_lux	5585
04/10/2025 11:00	temp-01	temperatura_c	2585
04/10/2025 11:00	lux-01	luminosidade_lux	5883
04/10/2025 11:00	occ-01	ocupacao_bool	0
04/10/2025 11:15	lux-01	luminosidade_lux	6016
04/10/2025 11:15	temp-01	temperatura_c	2587
04/10/2025 11:15	occ-01	ocupacao_bool	0
04/10/2025 11:30	lux-01	luminosidade_lux	5934
04/10/2025 11:30	temp-01	temperatura_c	2651
04/10/2025 11:30	occ-01	ocupacao_bool	0
04/10/2025 11:45	lux-01	luminosidade_lux	5843
04/10/2025 11:45	temp-01	temperatura_c	2522
04/10/2025 11:45	occ-01	ocupacao_bool	0
04/10/2025 12:00	lux-01	luminosidade_lux	5935
04/10/2025 12:00	temp-01	temperatura_c	2556
04/10/2025 12:00	occ-01	ocupacao_bool	0
04/10/2025 12:15	temp-01	temperatura_c	2657
04/10/2025 12:15	occ-01	ocupacao_bool	0
04/10/2025 12:15	lux-01	luminosidade_lux	6247
04/10/2025 12:30	occ-01	ocupacao_bool	0
04/10/2025 12:30	lux-01	luminosidade_lux	5884
04/10/2025 12:30	temp-01	temperatura_c	2502
04/10/2025 12:45	occ-01	ocupacao_bool	0
04/10/2025 12:45	lux-01	luminosidade_lux	6014
04/10/2025 12:45	temp-01	temperatura_c	2514
04/10/2025 13:00	occ-01	ocupacao_bool	0
04/10/2025 13:00	lux-01	luminosidade_lux	6068
04/10/2025 13:00	temp-01	temperatura_c	2684
04/10/2025 13:15	occ-01	ocupacao_bool	10
04/10/2025 13:15	lux-01	luminosidade_lux	5850
04/10/2025 13:15	temp-01	temperatura_c	2561
04/10/2025 13:30	occ-01	ocupacao_bool	0
04/10/2025 13:30	temp-01	temperatura_c	2636
04/10/2025 13:30	lux-01	luminosidade_lux	5740
04/10/2025 13:45	temp-01	temperatura_c	2557
04/10/2025 13:45	lux-01	luminosidade_lux	5891
04/10/2025 13:45	occ-01	ocupacao_bool	10
04/10/2025 14:00	temp-01	temperatura_c	2561
04/10/2025 14:00	lux-01	luminosidade_lux	5668
04/10/2025 14:00	occ-01	ocupacao_bool	0
04/10/2025 14:15	lux-01	luminosidade_lux	5306
04/10/2025 14:15	occ-01	ocupacao_bool	0
04/10/2025 14:15	temp-01	temperatura_c	2527
04/10/2025 14:30	occ-01	ocupacao_bool	0
04/10/2025 14:30	temp-01	temperatura_c	2543
04/10/2025 14:30	lux-01	luminosidade_lux	5667
04/10/2025 14:45	occ-01	ocupacao_bool	0
04/10/2025 14:45	temp-01	temperatura_c	2614
04/10/2025 14:45	lux-01	luminosidade_lux	5573
04/10/2025 15:00	occ-01	ocupacao_bool	0
04/10/2025 15:00	lux-01	luminosidade_lux	5359
04/10/2025 15:00	temp-01	temperatura_c	2568
04/10/2025 15:15	lux-01	luminosidade_lux	5101
04/10/2025 15:15	temp-01	temperatura_c	2452
04/10/2025 15:15	occ-01	ocupacao_bool	0
04/10/2025 15:30	lux-01	luminosidade_lux	4885
04/10/2025 15:30	temp-01	temperatura_c	253
04/10/2025 15:30	occ-01	ocupacao_bool	0
04/10/2025 15:45	lux-01	luminosidade_lux	5311
04/10/2025 15:45	temp-01	temperatura_c	2441
04/10/2025 15:45	occ-01	ocupacao_bool	0
04/10/2025 16:00	lux-01	luminosidade_lux	4585
04/10/2025 16:00	temp-01	temperatura_c	2551
04/10/2025 16:00	occ-01	ocupacao_bool	0
04/10/2025 16:15	lux-01	luminosidade_lux	4689
04/10/2025 16:15	occ-01	ocupacao_bool	0
04/10/2025 16:15	temp-01	temperatura_c	2513
04/10/2025 16:30	occ-01	ocupacao_bool	0
04/10/2025 16:30	lux-01	luminosidade_lux	4431
04/10/2025 16:30	temp-01	temperatura_c	2393
04/10/2025 16:45	occ-01	ocupacao_bool	10
04/10/2025 16:45	lux-01	luminosidade_lux	4401
04/10/2025 16:45	temp-01	temperatura_c	2459
04/10/2025 17:00	occ-01	ocupacao_bool	0
04/10/2025 17:00	lux-01	luminosidade_lux	3919
04/10/2025 17:00	temp-01	temperatura_c	2259
04/10/2025 17:15	occ-01	ocupacao_bool	0
04/10/2025 17:15	lux-01	luminosidade_lux	3840
04/10/2025 17:15	temp-01	temperatura_c	2318
04/10/2025 17:30	lux-01	luminosidade_lux	3859
04/10/2025 17:30	temp-01	temperatura_c	2398
04/10/2025 17:30	occ-01	ocupacao_bool	0
04/10/2025 17:45	temp-01	temperatura_c	2315
04/10/2025 17:45	occ-01	ocupacao_bool	0
04/10/2025 17:45	lux-01	luminosidade_lux	3934
04/10/2025 18:00	temp-01	temperatura_c	2262
04/10/2025 18:00	occ-01	ocupacao_bool	10
04/10/2025 18:00	lux-01	luminosidade_lux	3298
04/10/2025 18:15	temp-01	temperatura_c	2378
04/10/2025 18:15	occ-01	ocupacao_bool	10
04/10/2025 18:15	lux-01	luminosidade_lux	3292
04/10/2025 18:30	temp-01	temperatura_c	2259
04/10/2025 18:30	occ-01	ocupacao_bool	0
04/10/2025 18:30	lux-01	luminosidade_lux	3156
04/10/2025 18:45	occ-01	ocupacao_bool	10
04/10/2025 18:45	lux-01	luminosidade_lux	3013
04/10/2025 18:45	temp-01	temperatura_c	2351
04/10/2025 19:00	lux-01	luminosidade_lux	0
04/10/2025 19:00	temp-01	temperatura_c	2018
04/10/2025 19:00	occ-01	ocupacao_bool	0
04/10/2025 19:15	lux-01	luminosidade_lux	0
04/10/2025 19:15	temp-01	temperatura_c	2227
04/10/2025 19:15	occ-01	ocupacao_bool	0
04/10/2025 19:30	lux-01	luminosidade_lux	0
04/10/2025 19:30	temp-01	temperatura_c	2232
04/10/2025 19:30	occ-01	ocupacao_bool	0
04/10/2025 19:45	lux-01	luminosidade_lux	0
04/10/2025 19:45	temp-01	temperatura_c	2263
04/10/2025 19:45	occ-01	ocupacao_bool	0
04/10/2025 20:00	temp-01	temperatura_c	217
04/10/2025 20:00	occ-01	ocupacao_bool	0
04/10/2025 20:00	lux-01	luminosidade_lux	135
04/10/2025 20:15	occ-01	ocupacao_bool	0
04/10/2025 20:15	lux-01	luminosidade_lux	0
04/10/2025 20:15	temp-01	temperatura_c	2072
04/10/2025 20:30	occ-01	ocupacao_bool	0
04/10/2025 20:30	lux-01	luminosidade_lux	193
04/10/2025 20:30	temp-01	temperatura_c	216
04/10/2025 20:45	occ-01	ocupacao_bool	10
04/10/2025 20:45	lux-01	luminosidade_lux	0
04/10/2025 20:45	temp-01	temperatura_c	2126
04/10/2025 21:00	occ-01	ocupacao_bool	0
04/10/2025 21:00	lux-01	luminosidade_lux	151
04/10/2025 21:00	temp-01	temperatura_c	2064
04/10/2025 21:15	occ-01	ocupacao_bool	10
04/10/2025 21:15	temp-01	temperatura_c	2183
04/10/2025 21:15	lux-01	luminosidade_lux	0
04/10/2025 21:30	occ-01	ocupacao_bool	0
04/10/2025 21:30	lux-01	luminosidade_lux	0
04/10/2025 21:30	temp-01	temperatura_c	2133
04/10/2025 21:45	temp-01	temperatura_c	2119
04/10/2025 21:45	occ-01	ocupacao_bool	0
04/10/2025 21:45	lux-01	luminosidade_lux	0
04/10/2025 22:00	temp-01	temperatura_c	2053
04/10/2025 22:00	lux-01	luminosidade_lux	273
04/10/2025 22:00	occ-01	ocupacao_bool	0
04/10/2025 22:15	occ-01	ocupacao_bool	10
04/10/2025 22:15	temp-01	temperatura_c	202
04/10/2025 22:15	lux-01	luminosidade_lux	74
04/10/2025 22:30	lux-01	luminosidade_lux	146
04/10/2025 22:30	occ-01	ocupacao_bool	0
04/10/2025 22:30	temp-01	temperatura_c	2028
04/10/2025 22:45	lux-01	luminosidade_lux	0
04/10/2025 22:45	occ-01	ocupacao_bool	0
04/10/2025 22:45	temp-01	temperatura_c	2074
04/10/2025 23:00	occ-01	ocupacao_bool	0
04/10/2025 23:00	temp-01	temperatura_c	204
04/10/2025 23:00	lux-01	luminosidade_lux	0
04/10/2025 23:15	occ-01	ocupacao_bool	0
04/10/2025 23:15	temp-01	temperatura_c	1858
04/10/2025 23:15	lux-01	luminosidade_lux	80
04/10/2025 23:30	occ-01	ocupacao_bool	0
04/10/2025 23:30	temp-01	temperatura_c	2013
04/10/2025 23:30	lux-01	luminosidade_lux	218
04/10/2025 23:45	lux-01	luminosidade_lux	0
04/10/2025 23:45	temp-01	temperatura_c	2064
04/10/2025 23:45	occ-01	ocupacao_bool	0
